𒐲,𒍻𒀹𒀹𒍻𒀸𒀸𒀸𒀸𒁹𒀸𒁹;𒍻𒀹𒀸𒀸𒀸𒀸𒁹𒀸𒁹𒀹𒍻
𒐳,𒍻𒀹𒀹𒍻𒀸𒀸𒀸𒀸𒁹𒀸𒁹𒁹;𒍻𒀹𒀸𒀸𒀸𒀸𒁹𒀸𒁹𒁹𒀹𒍻
𒑚,𒁹𒀸𒁹;𒁹𒁹𒀸
𒑛,𒁹𒀸𒁹𒁹;𒁹𒁹𒁹𒀸
𒑜,𒁹𒀸𒁹𒁹𒁹;𒁹𒁹𒁹𒁹𒀸
𒑟,𒁹𒀹
𒑡,𒀹𒀹𒀹𒀸𒀸𒀸;𒀹𒀸𒀹𒀸𒀹𒀸
𒑢,𒀹𒀹𒀸𒀸;𒀹𒀸𒀹𒀸
𒑱,𒌋𒌋;𒀹𒀹
𒑲,𒀹𒀹
𒑳,𒀹𒀹𒀹
𒐬,𒍻𒀹𒀹🝯𒌋;𒍻𒀹𒌋𒀹🝯
𒐴,𒌋𒀹𒀹𒍻𒍻
𒑏,𒀸𒁹;𒁹𒀸
𒑘,𒀸𒌋
𒐀,𒀸𒀸
𒐭,𒍻𒀹𒀹🝯𒌋𒍻𒀹𒀹🝯𒌋;𒍻𒀹𒌋𒀹🝯𒍻𒀹𒌋𒀹🝯
𒑊,𒀹𒀹
𒑐,𒀸𒀸𒁹;𒁹𒀸𒀸
𒑖,𒁹𒁹
𒑙,𒀸𒌋𒀸𒌋;𒀸𒀸𒌋𒌋
𒐁,𒀸𒀸𒀸
𒐈,𒁹𒁹𒁹
𒐮,𒍻𒀹𒀹🝯𒌋𒍻𒀹𒀹🝯𒌋𒍻𒀹𒀹🝯𒌋;𒍻𒀹𒌋𒀹🝯𒍻𒀹𒌋𒀹🝯𒍻𒀹𒌋𒀹🝯
𒐯,𒍻𒀹𒀹🝯𒌋𒍻𒀹𒀹🝯𒌋𒍻𒀹𒀹🝯𒌋;𒍻𒀹𒌋𒀹🝯𒍻𒀹𒌋𒀹🝯𒍻𒀹𒌋𒀹🝯
𒐺,𒀸𒀸𒀸
𒐻,𒀸𒀸𒀸
𒑋,𒀹𒀹𒀹
𒑑,𒀸𒀸𒀸𒁹;𒁹𒀸𒀸𒀸
𒑗,𒁹𒁹𒁹
𒐂,𒀸𒀸𒀸𒀸
𒐉,𒁹𒁹𒁹𒁹
𒐏,𒌋𒌋𒌋𒌋
𒐰,𒍻𒀹𒀹🝯𒌋𒍻𒀹𒀹🝯𒌋𒍻𒀹𒀹🝯𒌋𒍻𒀹𒀹🝯𒌋;𒍻𒀹𒌋𒀹🝯𒍻𒀹𒌋𒀹🝯𒍻𒀹𒌋𒀹🝯𒍻𒀹𒌋𒀹🝯
𒐼,𒁹𒁹𒁹𒁹
𒐽,𒀸𒀸𒀸𒀸
𒑒,𒀸𒀸𒀸𒁹𒌋;𒁹𒀸𒀸𒀸𒌋;𒀸𒌋𒀸𒀸𒁹;𒁹𒀸𒌋𒀸𒀸
𒑓,𒀸𒀸𒀸𒀸𒁹;𒁹𒀸𒀸𒀸𒀸
𒐃,𒀸𒀸𒀸𒀸𒀸
𒐊,𒁹𒁹𒁹𒁹𒁹
𒐐,𒌋𒌋𒌋𒌋𒌋
𒐱,𒍻𒀹𒀹🝯𒌋𒍻𒀹𒀹🝯𒌋𒍻𒀹𒀹🝯𒌋𒍻𒀹𒀹🝯𒌋𒍻𒀹𒀹🝯𒌋;𒍻𒀹𒌋𒀹🝯𒍻𒀹𒌋𒀹🝯𒍻𒀹𒌋𒀹🝯𒍻𒀹𒌋𒀹🝯𒍻𒀹𒌋𒀹🝯
𒑔,𒀸𒀸𒀸𒁹𒌋𒌋;𒁹𒀸𒀸𒀸𒌋𒌋;𒀸𒌋𒀸𒀸𒌋𒁹;𒁹𒀸𒌋𒀸𒀸𒌋;𒀸𒀸𒀸𒁹𒀹𒀹;𒁹𒀸𒀸𒀸𒀹𒀹;𒀸𒀹𒀸𒀸𒀹𒁹;𒁹𒀸𒀹𒀸𒀸𒀹
𒑕,𒀸𒀸𒀸𒀸𒀸𒁹;𒁹𒀸𒀸𒀸𒀸𒀸
𒐄,𒀸𒀸𒀸𒀸𒀸𒀸
𒐋,𒁹𒁹𒁹𒁹𒁹𒁹
𒐑,𒌋𒌋𒌋𒌋𒌋𒌋
𒑀,𒀸𒀸𒀸𒀸𒀸𒀸
𒐅,𒀸𒀸𒀸𒀸𒀸𒀸𒀸
𒐌,𒁹𒁹𒁹𒁹𒁹𒁹𒁹
𒐒,𒌋𒌋𒌋𒌋𒌋𒌋𒌋
𒑁,𒀸𒀸𒀸𒀸𒀸𒀸𒀸
𒑂,𒁹𒁹𒁹𒁹𒁹𒁹𒁹
𒐆,𒀸𒀸𒀸𒀸𒀸𒀸𒀸𒀸
𒐍,𒁹𒁹𒁹𒁹𒁹𒁹𒁹𒁹
𒐓,𒌋𒌋𒌋𒌋𒌋𒌋𒌋𒌋
𒑄,𒁹𒁹𒁹𒁹𒁹𒁹𒁹𒁹
𒑅,𒀸𒀸𒀸𒀸𒀸𒀸𒀸𒀸
𒐇,𒀸𒀸𒀸𒀸𒀸𒀸𒀸𒀸𒀸
𒐔,𒌋𒌋𒌋𒌋𒌋𒌋𒌋𒌋𒌋
𒑆,𒁹𒁹𒁹𒁹𒁹𒁹𒁹𒁹𒁹
𒑇,𒀸𒀸𒀸𒀸𒀸𒀸𒀸𒀸𒀸
𒑈,𒀹𒀹𒀹
𒑉,𒁹𒁹𒁹
𒀀,𒁹𒁹𒁹
𒀁,𒁹𒁹𒁹𒁹𒁹𒁹
𒀂,𒁹𒀸𒌋𒁹𒁹
𒀃,𒁹 𒀹𒀹𒁹𒁹𒁹𒁹𒁹𒁹𒁹 
𒀄,𒁹𒁹𒁹𒌋𒁹𒁹𒀹𒁹𒁹
𒀅,𒁹𒌋𒁹𒀸𒁹𒁹
𒀆,𒁹𒍻𒀹𒁹𒀹𒀹𒀹𒁹𒁹𒁹
𒀇,𒁹𒀹𒍻𒀹𒍻𒀸𒁹𒁹𒁹𒁹𒌋𒁹𒁹
𒀈,𒁹𒍻𒀹𒁹𒁹𒀸𒀸𒁹𒁹𒁹
𒀉,𒀸𒀸𒀸𒀸𒀸𒀸𒀸𒀸𒁹𒌋𒌋𒌋𒌋𒌋𒌋𒀸𒌋𒁹;𒀸𒀸𒀸𒀸𒀹𒀹𒀹𒀹𒁹
𒀊,𒀸𒀸𒍻𒀹𒁹;𒀸𒍻𒀸𒀹𒁹;𒀸𒀸𒀸𒀸𒁹
𒀋,𒀸𒀸𒍻𒀹𒁹𒀸𒀸𒀸𒁹;𒀸𒀸𒍻𒀹𒀸𒀸𒀸𒁹𒁹;𒀸𒍻𒀸𒀹𒁹𒀸𒀸𒀸𒁹;𒀸𒍻𒀸𒀹𒀸𒀸𒀸𒁹𒁹;𒀸𒀸𒍻𒀹𒁹𒁹𒀸𒀸𒀸;𒀸𒀸𒍻𒀹𒁹𒀸𒀸𒀸𒁹;𒀸𒍻𒀸𒀹𒁹𒁹𒀸𒀸𒀸;𒀸𒍻𒀸𒀹𒁹𒀸𒀸𒀸𒁹
𒀌,𒀸𒀸𒍻𒀹𒁹𒀸𒁹𒁹𒀸𒁹𒁹𒁹𒁹𒀸𒁹;𒀸𒀸𒍻𒀹𒀸𒁹𒁹𒀸𒁹𒁹𒁹𒁹𒀸𒁹𒁹;𒀸𒍻𒀸𒀹𒁹𒀸𒁹𒁹𒀸𒁹𒁹𒁹𒁹𒀸𒁹;𒀸𒍻𒀸𒀹𒀸𒁹𒁹𒀸𒁹𒁹𒁹𒁹𒀸𒁹𒁹
𒀍,𒀸𒀸𒍻𒀹𒁹𒀸𒀸𒀸𒀸𒁹𒀸;𒀸𒀸𒍻𒀹𒀸𒀸𒀸𒀸𒁹𒀸𒁹
𒀎,𒀸𒀸𒍻𒀹𒁹𒀹𒀹𒁹𒁹𒁹𒁹𒁹;𒀸𒀸𒍻𒀹𒀹𒀹𒁹𒁹𒁹𒁹𒁹𒁹
𒀏,𒀸𒀸𒍻𒀹𒁹𒁹𒁹𒌋𒁹𒁹𒌋;𒀸𒀸𒍻𒀹𒁹𒁹𒌋𒁹𒁹𒌋𒁹;𒀸𒀸𒌋𒀸𒀸𒁹𒁹𒁹𒁹𒌋𒁹;𒀸𒀸𒌋𒀸𒁹𒁹𒁹𒁹𒌋𒀸𒁹
𒀐,𒀸𒀸𒌋𒀸𒀹𒀹𒀹𒀹𒀹𒀹𒀹𒁹𒀸𒁹𒀸;𒀸𒀸𒌋𒀸𒀸𒀹𒀹𒀹𒀹𒀹𒀹𒀹𒁹𒀸𒁹;𒀸𒀸𒍻𒀹𒁹𒀸𒀸𒀸𒀸𒌋𒁹𒀸;𒀸𒀸𒍻𒀹𒀸𒀸𒀸𒀸𒌋𒁹𒀸𒁹
𒀑,𒀸𒀸𒍻𒀹𒁹𒁹𒁹𒁹𒁹𒁹𒁹𒁹
𒀒,𒀸𒀸𒍻𒀹𒁹𒀸𒁹𒀸𒁹;𒀸𒀸𒍻𒀹𒀸𒁹𒀸𒁹𒁹
𒀓,𒀸𒀸𒍻𒀹𒁹𒀸🝯🝯𒀹𒀹𒀸𒌋𒌋;𒀸𒀸𒍻𒀹𒀸🝯🝯𒀹𒀹𒀸𒌋𒌋𒁹
𒀔,𒀸𒀸𒌋𒀸𒌋𒌋𒌋𒀸𒁹;𒀸𒀸𒌋𒀸𒀸𒌋𒌋𒌋𒁹;𒀸𒀸𒍻𒀹𒁹𒌋𒌋𒌋;𒀸𒀸𒍻𒀹𒌋𒌋𒌋𒁹
𒀕,𒀸𒀸𒌋𒀸𒌋𒌋𒌋𒀸𒁹;𒀸𒀸𒌋𒀸𒀸𒌋𒌋𒌋𒁹;𒀸𒀸𒍻𒀹𒁹𒀹𒀹𒀹𒀹;𒀸𒀸𒍻𒀹𒀹𒀹𒀹𒀹𒁹
𒀖,𒌋𒀹𒍻;𒌋𒀸𒀸
𒀗,𒌋𒀸𒌋𒀸𒌋𒀸𒀸𒀸𒁹𒀸𒀸𒌋𒀸𒀸𒀸𒁹𒀸;𒌋𒀹𒍻𒀸𒀸𒀸𒁹𒀹𒍻𒌋𒌋𒌋𒌋𒀸𒀸𒀸𒀸𒀹🝯
𒀘,𒌋𒀹𒍻𒀹𒀹𒁹𒁹𒁹𒁹𒁹
𒀙,𒌋𒀸𒁹𒀸𒀸𒁹𒌋𒁹𒌋𒀸;𒌋𒀹𒍻𒁹𒀸𒀸𒁹𒁹𒌋𒀸𒀸𒀸𒀸𒁹𒌋
𒀚,𒌋𒀸𒀹𒀹𒁹𒁹𒁹𒀸;𒌋𒀹𒍻🝯𒀹𒀹🝯𒀹🝯
𒀛,𒌋𒀹𒍻𒁹𒁹𒁹𒁹𒁹𒀸𒁹𒀹
𒀜,𒀸𒀸𒀸𒀸𒀸𒁹;𒀸𒀸𒁹𒁹𒀸𒀸𒀹𒍻𒁹;𒀸𒀸𒁹𒁹𒀸𒀹𒍻𒀸𒁹
𒀝,𒀸𒁹𒀸𒀸𒀸𒁹𒀸;𒀸𒀸𒀸𒀸𒀸𒀸𒀸𒀸𒀸𒁹𒀸;𒀸𒀸𒀸𒀸𒀸𒀸𒀸𒀸𒀸𒁹𒀸
𒀞,𒀸𒁹𒀸𒀹𒀹𒁹𒁹𒀸𒀸𒁹𒀸;𒀸𒁹𒀸𒀸𒁹𒀹🝯𒀹🝯𒀸;𒀸𒁹𒀸𒀸𒀹🝯𒀹🝯𒁹𒀸
𒀟,𒀸𒁹𒀸𒀸𒁹𒀹𒁹𒍻𒁹𒀸𒀸𒁹𒀸;𒀸𒁹𒀸𒀸𒀹𒁹𒍻𒁹𒀸𒀸𒁹𒁹𒀸
𒀠,𒀸𒀸𒁹𒀸𒌋𒁹;𒀸𒁹𒁹𒀸𒁹𒍻𒁹𒀹𒁹;𒀸𒁹𒁹𒀸𒁹𒁹𒀹𒍻𒁹;𒀸𒁹𒁹𒀸𒁹𒁹𒍻𒀹𒁹
𒀡,𒀸𒁹𒁹𒀸𒁹𒍻𒁹𒀹𒁹𒀸𒁹𒁹𒀸𒁹𒍻𒁹𒀹𒁹
𒀢,𒀸𒁹𒁹𒀸𒁹𒍻𒁹𒀹𒀸𒁹𒍻𒀹𒍻𒀸𒁹𒁹
𒀣,𒀸𒁹𒁹𒀸𒁹𒍻𒁹𒀹𒀸𒀸𒁹𒁹
𒀤,𒀸𒁹𒁹𒀸𒁹𒍻𒁹𒀹𒁹𒁹𒌋𒁹𒁹𒌋𒁹
𒀥,𒀸𒁹𒁹𒀸𒁹𒍻𒁹𒀹𒀹𒀸𒁹𒌋𒁹𒌋𒁹𒌋𒁹
𒀦,𒀸𒁹𒁹𒀸𒁹𒍻𒁹𒀹🝯𒀹𒀸𒀸𒀸𒀸𒀹🝯𒁹
𒀧,𒀸𒁹𒁹𒀸𒁹𒍻𒁹𒀹𒌋𒌋𒌋𒌋𒁹
𒀨,𒀸𒁹𒁹𒀸𒁹𒍻𒁹𒀹𒀸𒀸𒁹𒁹𒌋𒁹𒁹
𒀩,𒀸𒀸𒀸𒀸𒁹𒁹𒀹𒀹𒀹𒀹𒌋𒀸𒌋𒀸𒀸𒀸𒀸𒀹𒀹𒀹𒀹;𒀸𒀸𒀸𒀸𒀹𒍻𒌋𒌋𒀸𒁹𒀸𒀸𒀸𒀸𒁹𒀸𒍻𒀹𒌋𒌋𒌋𒌋
𒀪,𒀹𒀹𒀹𒀹𒀸𒀸𒁹;𒍻𒀹𒀹𒍻𒀸;𒍻𒀹𒀸𒀹𒍻
𒀫,𒌋𒀸𒌋𒌋𒀸𒌋;𒌋𒌋𒀸𒀸𒌋𒌋;𒌋𒀸𒌋𒀸𒌋;𒌋𒀸𒀸𒌋𒌋
𒀬,𒌋𒀸𒌋𒀹𒀹𒀹𒀹𒀸𒌋;𒌋𒀸𒌋𒀸𒌋𒀹𒀹𒀹𒀹;𒌋𒀸𒌋𒌋𒀸𒌋𒌋𒌋𒌋𒌋𒌋𒌋𒌋𒌋𒌋𒌋;𒌋𒀸𒌋𒌋𒌋𒌋𒌋𒌋𒌋𒌋𒌋𒌋𒌋𒌋𒀸𒌋;𒌋𒌋𒀸𒀸𒌋𒌋𒌋𒌋𒌋𒌋𒌋𒌋𒌋𒌋𒌋𒌋;𒌋𒌋𒀸𒌋𒌋𒌋𒌋𒌋𒌋𒌋𒌋𒌋𒌋𒀸𒌋𒌋
𒀭,𒀸𒀸𒁹;𒀸𒁹𒀹𒍻;𒁹𒀸𒀹𒍻;𒁹𒀹𒀸𒍻;𒀸𒀹𒍻𒁹
𒀮,𒀸𒀸𒀸𒀸𒁹𒁹;𒀸𒀸𒁹𒀸𒀸𒁹;𒀸𒁹𒀹𒍻𒀸𒁹𒀹𒍻;𒁹𒀸𒀹𒍻𒁹𒀸𒀹𒍻;𒁹𒀹𒀸𒍻𒁹𒀹𒀸𒍻;𒀸𒀹𒍻𒁹𒀸𒀹𒍻𒁹
𒀯,𒀸𒀸𒀸𒀸𒁹𒁹𒀸𒀸𒁹;𒀸𒀸𒁹𒀸𒀸𒁹𒀸𒀸𒁹;𒀸𒁹𒀹𒍻𒀸𒁹𒀹𒍻𒀸𒁹𒀹𒍻;𒁹𒀸𒀹𒍻𒁹𒀸𒀹𒍻𒁹𒀸𒀹𒍻;𒁹𒀹𒀸𒍻𒁹𒀹𒀸𒍻𒁹𒀹𒀸𒍻;𒀸𒀹𒍻𒁹𒀸𒀹𒍻𒁹𒀸𒀹𒍻𒁹
𒀰,𒀸𒁹𒀹𒍻𒌋𒌋;𒁹𒀸𒀹𒍻𒌋𒌋;𒁹𒀹𒀸𒍻𒌋𒌋;𒀸𒀹𒍻𒁹𒌋𒌋
𒀱,𒀸𒁹𒀹𒍻𒌋𒌋;𒁹𒀸𒀹𒍻𒌋𒌋;𒁹𒀹𒀸𒍻𒌋𒌋;𒀸𒀹𒍻𒁹𒌋𒌋
𒀲,𒀸𒌋𒀸𒀸𒁹𒀸𒀸𒀸;𒍻𒀹𒀹𒍻𒀹𒍻𒁹𒀸𒀸𒀸𒀹𒀸𒀸𒀸𒀸𒁹𒍻𒀹𒀹
𒀳,𒀸𒀸𒀸𒀸𒀸𒁹;𒀸𒀸𒀸𒀸𒀸𒀸𒀸𒁹𒀸𒀸𒁹;𒀸𒀸𒀸𒀸𒀸𒀸𒀸𒀸𒁹𒀸𒁹
𒀴,𒀸𒀸𒀸𒀸𒁹;𒀸𒁹𒁹𒀹𒍻𒌋𒁹
𒀵,𒀸𒀸𒀸𒀹𒀹𒀹𒀸𒁹;𒀸𒁹𒁹𒀹𒍻𒌋𒁹𒀹𒀹𒀹;𒀸𒁹𒁹𒀹𒍻𒀹𒀹𒀹𒌋𒁹
𒀶,𒍻𒀹𒁹
𒀷,𒀹𒀹𒀹𒀹𒍻𒍻𒍻𒍻𒍻𒀹𒍻𒀹𒁹𒀸𒀹𒀹𒀹𒀸𒍻𒍻𒍻𒀹𒍻;𒀹𒍻𒀹𒍻𒀹𒍻𒀹𒍻𒍻𒀹𒍻𒀹𒁹𒀸𒀹𒀹𒀹𒀸𒍻𒍻𒍻𒀹𒍻
𒀸,𒀸
𒀹,𒀹
𒀺,𒀺
𒀻,𒀸𒀸𒀸𒁹𒀸𒀸𒀸𒁹𒀸𒁹𒀸𒀸𒀸𒁹𒀸𒁹𒀸𒀸𒀸𒁹𒀸𒁹𒀸𒀸𒀸𒁹𒀹𒍻
𒀼,𒀸𒀸𒀸
𒀽,𒀹𒀹𒀹𒍻𒍻𒍻;𒀹𒍻𒀹𒍻𒀹𒍻
𒀾,𒀸𒀸𒀸𒀸𒁹;𒁹𒀸𒀸𒀸𒀸
𒀿,𒁹𒀸𒀸𒁹𒁹𒁹;𒁹𒀸𒁹𒁹𒁹𒁹𒀹
𒁀,𒀸𒀸𒀸𒁹;𒍻𒀹𒀸𒁹
𒁁,𒀸𒌋;𒀸𒍻𒀹
𒁂,𒍻𒍻𒍻𒍻🝯🝯🝯🝯;𒍻🝯𒍻🝯𒍻🝯𒍻🝯
𒁃,𒀸𒁹𒀸𒀸𒀸𒀸𒀸𒁹𒀹𒍻𒁹🝯𒀹𒀹𒀹𒀹𒀸𒀸𒀸𒀸𒀸𒀸𒍻𒀹𒁹;𒀸𒀸𒁹𒁹𒁹𒀹𒀹
𒁄,𒀸𒀸𒀹𒁹𒀹𒀹;𒀸𒀸𒌋𒁹𒀸𒌋𒌋
𒁅,𒀸𒀸𒌋𒁹𒀸𒌋𒌋𒀸𒀸𒌋𒁹𒀸𒌋𒌋;𒀸𒀸𒌋𒀸𒀸𒌋𒁹𒁹𒀸𒌋𒌋𒀸𒌋𒌋
𒁆,𒀸𒌋𒀸𒀸𒀸𒁹𒀸𒀸𒌋𒀸𒀸𒀸𒁹;𒀸𒀸𒀸𒀸𒁹𒀹𒍻𒌋𒌋𒌋𒌋𒀸𒀸𒀸𒀸𒀹🝯;𒀸𒁹𒀸𒀸𒀸𒀹𒌋𒌋𒍻𒌋𒌋𒀸𒀸𒀸𒀸𒀹🝯
𒁇,𒁹𒀸
𒁈,𒀸𒀸𒀸𒁹𒀸𒀸𒀸𒀸𒁹;𒀸𒁹𒁹𒁹𒁹𒁹𒀸𒀸𒀸𒀸𒀸𒁹𒁹𒁹𒁹𒁹𒀸𒀸𒀸𒀸𒀹𒍻;𒀸𒁹𒁹𒁹𒁹𒁹𒀸𒀸𒀸𒀸𒀹𒍻𒀸𒁹𒁹𒁹𒁹𒁹𒀸𒀸𒀸𒀸
𒁉,𒀸𒀸𒌋𒌋;𒀸𒌋𒀸𒌋;𒀸𒀸𒁹𒁹𒀹𒁹𒁹𒍻;𒀸𒀸𒁹𒁹𒁹𒁹𒀹𒍻
𒁊,𒀸𒀸𒁹𒁹𒀹𒁹𒁹𒍻𒁹𒁹𒁹;𒀸𒀸𒁹𒁹𒁹𒁹𒀹𒍻𒁹𒁹𒁹
𒁋,𒀸𒀸𒁹𒁹𒀹𒁹𒁹𒍻𒁹𒁹𒁹🝯;𒀸𒀸𒁹𒁹𒁹𒁹𒀹𒍻𒁹𒁹𒁹🝯
𒁌,𒀸𒀸𒁹𒁹𒀹𒁹𒁹𒍻𒀸𒀸𒀸𒀸𒌋𒁹𒀸;𒀸𒀸𒁹𒁹𒁹𒁹𒀹𒍻𒀸𒀸𒀸𒀸𒌋𒁹𒀸
𒁍,𒀹𒀹𒀹𒀹𒀸;𒀹𒍻𒀹𒍻𒀸
𒁎,𒀹𒍻𒀹𒍻𒀹𒍻𒀹𒍻𒀸𒀸𒀸𒀸𒍻𒀹𒁹
𒁏,𒀹𒍻𒀹𒍻𒀹𒍻𒀹𒍻𒀸𒀸𒀸𒀸𒁹𒀸𒀸𒁹𒁹𒁹𒀸𒁹𒁹𒁹𒁹𒁹𒁹;𒀹𒍻𒀹𒍻𒀹𒍻𒀹𒍻𒀸𒀸𒀸𒀸𒁹𒀸𒀸𒁹𒀹🝯𒀸𒁹𒁹𒁹𒁹𒀹🝯
𒁐,𒁹𒀸𒀸𝆹𝅥𒀸𒀸𒁹𝆹𝅥𒀹𒍻;𒁹𒀸𒀸𒁹𒀸𒀸𒁹𒁹𒀹𒍻
𒁑,𒀸𒁹𒀹𒀹𒀸𒁹𒌋;𒀸𒁹𒀹𒀸𒀹𒁹𒌋;𒀸𒁹𒌋𒀹𒀸𒌋
𒁓,𒀸𒀸𒀸𒁹𒁹𒁹𒁹;𒀸𒀸𒀸𒀸𒀸𒁹𒀹🝯
𒁔,𒀸𒀸𒀹𒁹𒁹𒁹𒀹𒀹;𒀸𒁹𒁹𒀹𒍻𒀸𒌋𒌋;𒀸𒁹𒁹𒀹𒍻𒀸𒌋𒌋
𒁕,𒀸𒌋𒀸𒀸𒀸𒁹𒁹;𒀸𒀸𒀸𒀸𒀸𒀸𒁹𒀸𒀸𒌋𒁹
𒁖,𒀸𒀸𒁹𒁹𒁹𒁹𒁹;𒀸𒁹𒀸𒁹𒁹𒁹𒁹;𒁹𒁹𒁹𒁹𒀸𒀸𒀸𒀸𒀸𒀹🝯;𒁹𒀸𒁹𒀸𒁹𒀸𒁹𒀸𒀸𒀹🝯
𒁗,𒁹𒁹𒁹𒁹𒀸𒀸𒀸𒀸𒀸𒀹🝯𒌋𒀹𒍻𒌋𒁹𒁹𒁹𒀸𒁹;𒁹𒀸𒁹𒀸𒁹𒀸𒁹𒀸𒀸𒀹🝯𒌋𒀹𒍻𒌋𒁹𒁹𒁹𒀸𒁹
𒁘,𒁹𒁹𒁹𒁹𒀸𒀸𒀸𒀸𒀸𒀹🝯𒌋𒀹𒍻𒌋𒌋𒌋𒀸𒀸𒌋𒌋;𒁹𒀸𒁹𒀸𒁹𒀸𒁹𒀸𒀸𒀹🝯𒌋𒀹𒍻𒌋𒌋𒌋𒀸𒀸𒌋𒌋;𒁹𒁹𒁹𒁹𒀸𒀸𒀸𒀸𒀸𒀹🝯𒌋𒀹𒍻𒌋𒌋𒀸𒌋𒌋𒀸𒌋;𒁹𒀸𒁹𒀸𒁹𒀸𒁹𒀸𒀸𒀹🝯𒌋𒀹𒍻𒌋𒌋𒀸𒌋𒌋𒀸𒌋
𒁙,𒀸𒀸𒁹𒁹𒁹𒌋𒀸𒀸𒌋𒀸𒀸𒀸𒁹𒀸𒀸𒌋𒀸𒀸𒀸𒁹𒀸;𒁹𒁹𒁹𒁹𒀸𒀸𒀸𒀸𒀸𒀹🝯𒌋𒀹𒍻𒌋𒀸𒁹𒀸𒀸𒀸𒀹𒍻𒌋𒌋𒌋𒌋𒀸𒀸𒀸𒀸𒀹🝯;𒁹𒀸𒁹𒀸𒁹𒀸𒁹𒀸𒀸𒀹🝯𒌋𒀹𒍻𒌋𒀸𒁹𒀸𒀸𒀸𒀹𒍻𒌋𒌋𒌋𒌋𒀸𒀸𒀸𒀸𒀹🝯
𒁚,𒁹𒁹𒁹𒁹𒀸𒀸𒀸𒀸𒀸𒀹🝯𒌋𒀹𒍻𒌋𒀸𒀸𒁹𒁹𒀹𒍻𒁹𒁹;𒁹𒀸𒁹𒀸𒁹𒀸𒁹𒀸𒀸𒀹🝯𒌋𒀹𒍻𒌋𒀸𒀸𒁹𒁹𒀹𒍻𒁹𒁹;𒁹𒁹𒁹𒁹𒀸𒀸𒀸𒀸𒀸𒀹🝯𒌋𒀹𒍻𒌋𒀸𒀸𒁹𒁹𒁹𒁹𒀹𒍻;𒁹𒀸𒁹𒀸𒁹𒀸𒁹𒀸𒀸𒀹🝯𒌋𒀹𒍻𒌋𒀸𒀸𒁹𒁹𒁹𒁹𒀹𒍻
𒁛,𒁹𒁹𒁹𒁹𒀸𒀸𒀸𒀸𒀸𒀹🝯𒌋𒀹𒍻𒌋𒀸𒁹𒀸𒀸𒀸𒀸𒀸𒁹𒀹𒍻𒁹𒁹𒁹;𒁹𒀸𒁹𒀸𒁹𒀸𒁹𒀸𒀸𒀹🝯𒌋𒀹𒍻𒌋𒀸𒁹𒀸𒀸𒀸𒀸𒀸𒁹𒀹𒍻𒁹𒁹𒁹
𒁝,𒀸𒀸𒁹𒁹𒁹𒁹𒁹𒌋𒀸𒀸𒁹𒁹𒀹𒀹𒀹𒀹𒀸;𒀸𒁹𒀸𒁹𒁹𒁹𒁹𒌋𒀸𒀸𒁹𒁹𒀹𒀹𒀹𒀹𒀸;𒁹𒁹𒁹𒁹𒀸𒀸𒀸𒀸𒀸𒀹🝯𒌋𒀹𒍻𒌋𒁹𒀹𒀸𒀹𒀹𒀹𒀹𒍻𒍻;𒁹𒀸𒁹𒀸𒁹𒀸𒁹𒀸𒀸𒀹🝯𒌋𒀹𒍻𒌋𒁹𒀹𒀸𒀹𒀹𒀹𒀹𒍻𒍻
𒁞,𒀸𒀸𒁹𒁹𒁹𒁹𒁹𒌋𒀸𒌋𒀸𒀸𒀹𒁹𒁹𒁹𒀸;𒀸𒁹𒀸𒁹𒁹𒁹𒁹𒌋𒀸𒌋𒀸𒀸𒀹𒁹𒁹𒁹𒀸;𒁹𒁹𒁹𒁹𒀸𒀸𒀸𒀸𒀸𒀹🝯𒌋𒀹𒍻𒌋𒀸𒀹𒍻𒀹𒍻𒁹;𒁹𒀸𒁹𒀸𒁹𒀸𒁹𒀸𒀸𒀹🝯𒌋𒀹𒍻𒌋𒀸𒀹𒍻𒀹𒍻𒁹
𒁟,𒀸𒀸𒁹𒁹𒁹𒁹𒁹𒌋𒀸𒌋𒀸𒀸𒁹𒀹𒀹𒀸;𒀸𒁹𒀸𒁹𒁹𒁹𒁹𒌋𒀸𒌋𒀸𒀸𒁹𒀹𒀹𒀸;𒁹𒁹𒁹𒁹𒀸𒀸𒀸𒀸𒀸𒀹🝯𒌋𒀹𒍻𒌋𒀸𒀸𒁹𒀹𒍻;𒁹𒀸𒁹𒀸𒁹𒀸𒁹𒀸𒀸𒀹🝯𒌋𒀹𒍻𒌋𒀸𒀸𒁹𒀹𒍻
𒁠,𒁹𒁹𒁹𒁹𒀸𒀸𒀸𒀸𒀸𒀹🝯𒌋𒀹𒍻𒌋𒁹𒁹𒌋𒁹𒁹𒌋;𒁹𒀸𒁹𒀸𒁹𒀸𒁹𒀸𒀸𒀹🝯𒌋𒀹𒍻𒌋𒁹𒁹𒌋𒁹𒁹𒌋
𒁡,𒁹𒁹𒁹𒁹𒀸𒀸𒀸𒀸𒀸𒀹🝯𒌋𒀹𒍻𒌋𒀹𒍻𒁹𒁹𒁹;𒁹𒀸𒁹𒀸𒁹𒀸𒁹𒀸𒀸𒀹🝯𒌋𒀹𒍻𒌋𒀹𒍻𒁹𒁹𒁹;𒁹𒁹𒁹𒁹𒀸𒀸𒀸𒀸𒀸𒀹🝯𒌋𒀹𒍻𒌋𒀹𒁹𒁹𒁹𒍻;𒁹𒀸𒁹𒀸𒁹𒀸𒁹𒀸𒀸𒀹🝯𒌋𒀹𒍻𒌋𒀹𒁹𒁹𒁹𒍻
𒁢,𒁹𒁹𒁹𒁹𒀸𒀸𒀸𒀸𒀸𒀹🝯𒌋𒀹𒍻𒌋𒀹𒍻𒁹𒁹𒁹𒀸𒁹𒁹𒀸𒁹𒀸;𒁹𒀸𒁹𒀸𒁹𒀸𒁹𒀸𒀸𒀹🝯𒌋𒀹𒍻𒌋𒀹𒍻𒁹𒁹𒁹𒀸𒁹𒁹𒀸𒁹𒀸;𒁹𒁹𒁹𒁹𒀸𒀸𒀸𒀸𒀸𒀹🝯𒌋𒀹𒍻𒌋𒀹𒁹𒁹𒁹𒍻𒀸𒁹𒁹𒀸𒁹𒀸;𒁹𒀸𒁹𒀸𒁹𒀸𒁹𒀸𒀸𒀹🝯𒌋𒀹𒍻𒌋𒀹𒁹𒁹𒁹𒍻𒀸𒁹𒁹𒀸𒁹𒀸;𒁹𒁹𒁹𒁹𒀸𒀸𒀸𒀸𒀸𒀹🝯𒌋𒀹𒍻𒌋𒀹𒍻𒁹𒁹𒁹𒁹𒀸𒁹𒀸𒁹𒀸;𒁹𒀸𒁹𒀸𒁹𒀸𒁹𒀸𒀸𒀹🝯𒌋𒀹𒍻𒌋𒀹𒍻𒁹𒁹𒁹𒁹𒀸𒁹𒀸𒁹𒀸;𒁹𒁹𒁹𒁹𒀸𒀸𒀸𒀸𒀸𒀹🝯𒌋𒀹𒍻𒌋𒀹𒁹𒁹𒁹𒍻𒁹𒀸𒁹𒀸𒁹𒀸;𒁹𒀸𒁹𒀸𒁹𒀸𒁹𒀸𒀸𒀹🝯𒌋𒀹𒍻𒌋𒀹𒁹𒁹𒁹𒍻𒁹𒀸𒁹𒀸𒁹𒀸
𒁣,𒁹𒁹𒁹𒁹𒀸𒀸𒀸𒀸𒀸𒀹🝯𒌋𒀹𒍻𒌋𒀹𒍻𒁹;𒁹𒀸𒁹𒀸𒁹𒀸𒁹𒀸𒀸𒀹🝯𒌋𒀹𒍻𒌋𒀹𒍻𒁹;𒁹𒁹𒁹𒁹𒀸𒀸𒀸𒀸𒀸𒀹🝯𒌋𒀹𒍻𒌋𒀹𒁹𒍻;𒁹𒀸𒁹𒀸𒁹𒀸𒁹𒀸𒀸𒀹🝯𒌋𒀹𒍻𒌋𒀹𒁹𒍻
𒁤,𒁹𒁹𒁹𒁹𒀸𒀸𒀸𒀸𒀸𒀹🝯𒌋𒀹𒍻𒌋𒀸𒀸𒁹𒁹𒁹𒁹𒀸𒀸𒀸𒀸𒀸𒁹;𒁹𒀸𒁹𒀸𒁹𒀸𒁹𒀸𒀸𒀹🝯𒌋𒀹𒍻𒌋𒀸𒀸𒁹𒁹𒁹𒁹𒀸𒀸𒀸𒀸𒀸𒁹;𒁹𒁹𒁹𒁹𒀸𒀸𒀸𒀸𒀸𒀹🝯𒌋𒀹𒍻𒌋𒀸𒁹𒁹𒁹𒀸𒁹𒀸𒀸𒀸𒀸𒀸𒁹;𒁹𒀸𒁹𒀸𒁹𒀸𒁹𒀸𒀸𒀹🝯𒌋𒀹𒍻𒌋𒀸𒁹𒁹𒁹𒀸𒁹𒀸𒀸𒀸𒀸𒀸𒁹
𒁥,𒁹𒁹𒁹𒁹𒀸𒀸𒀸𒀸𒀸𒀹🝯𒌋𒀹𒍻𒌋𒀸𒁹𒀸𒁹𒀸𒁹;𒁹𒀸𒁹𒀸𒁹𒀸𒁹𒀸𒀸𒀹🝯𒌋𒀹𒍻𒌋𒀸𒁹𒀸𒁹𒀸𒁹;𒁹𒁹𒁹𒁹𒀸𒀸𒀸𒀸𒀸𒀹🝯𒌋𒀹𒍻𒌋𒀸𒁹𒁹𒀸𒀸𒁹;𒁹𒀸𒁹𒀸𒁹𒀸𒁹𒀸𒀸𒀹🝯𒌋𒀹𒍻𒌋𒀸𒁹𒁹𒀸𒀸𒁹
𒁦,𒀸𒀸𒁹𒁹𒁹𒁹𒁹𒌋𒀸𒌋𒁹𒀸𒀸𒀸𒀸𒁹𒁹𒀸𒁹𒀹𒀹𒀹𒀹𒀸𒀸;𒀸𒁹𒀸𒁹𒁹𒁹𒁹𒌋𒀸𒌋𒁹𒀸𒀸𒀸𒀸𒁹𒁹𒀸𒁹𒀹𒀹𒀹𒀹𒀸𒀸;𒁹𒁹𒁹𒁹𒀸𒀸𒀸𒀸𒀸𒀹🝯𒌋𒀹𒍻𒌋𒀸𒁹𒀸𒁹𒀸𒁹𒀸𒁹𒍻𒀹𒀹𒍻;𒁹𒀸𒁹𒀸𒁹𒀸𒁹𒀸𒀸𒀹🝯𒌋𒀹𒍻𒌋𒀸𒁹𒀸𒁹𒀸𒁹𒀸𒁹𒍻𒀹𒀹𒍻;𒁹𒁹𒁹𒁹𒀸𒀸𒀸𒀸𒀸𒀹🝯𒌋𒀹𒍻𒌋𒀸𒁹𒁹𒀸𒀸𒁹𒀸𒁹𒍻𒀹𒀹𒍻;𒁹𒀸𒁹𒀸𒁹𒀸𒁹𒀸𒀸𒀹🝯𒌋𒀹𒍻𒌋𒀸𒁹𒁹𒀸𒀸𒁹𒀸𒁹𒍻𒀹𒀹𒍻
𒁧,𒁹𒁹𒁹𒁹𒀸𒀸𒀸𒀸𒀸𒀹🝯𒌋𒀹𒍻𒌋𒀹𒀹𒀹𒀹𒍻𒍻𒍻𒍻𒀹𒀹𒀹𒀹;𒁹𒀸𒁹𒀸𒁹𒀸𒁹𒀸𒀸𒀹🝯𒌋𒀹𒍻𒌋𒀹𒀹𒀹𒀹𒍻𒍻𒍻𒍻𒀹𒀹𒀹𒀹;𒁹𒁹𒁹𒁹𒀸𒀸𒀸𒀸𒀸𒀹🝯𒌋𒀹𒍻𒌋𒀹𒍻𒀹𒀹𒍻𒀹𒀹𒍻𒀹𒀹𒍻𒀹;𒁹𒀸𒁹𒀸𒁹𒀸𒁹𒀸𒀸𒀹🝯𒌋𒀹𒍻𒌋𒀹𒍻𒀹𒀹𒍻𒀹𒀹𒍻𒀹𒀹𒍻𒀹
𒁨,𒀸𒀸𒁹𒁹𒁹𒁹𒁹𒌋𒀸𒌋𒀸𒀸𒀹𒀹𒀹𒀹𒀸𒀸𒁹𒀸;𒁹𒁹𒁹𒁹𒀸𒀸𒀸𒀸𒀸𒀹🝯𒌋𒀹𒍻𒌋𒀸𒀸𒀹𒀹𒀹𒀹𒀸𒀸𒁹;𒁹𒀸𒁹𒀸𒁹𒀸𒁹𒀸𒀸𒀹🝯𒌋𒀹𒍻𒌋𒀸𒀸𒀹𒀹𒀹𒀹𒀸𒀸𒁹
𒁩,𒁹𒁹𒁹𒁹𒀸𒀸𒀸𒀸𒀸𒀹🝯𒌋𒀹𒍻𒌋𒀹𒍻𒀹𒍻;𒁹𒀸𒁹𒀸𒁹𒀸𒁹𒀸𒀸𒀹🝯𒌋𒀹𒍻𒌋𒀹𒍻𒀹𒍻
𒁪,𒁹𒁹𒁹𒁹𒀸𒀸𒀸𒀸𒀸𒀹🝯𒌋𒀹𒍻𒌋𒀸𒁹𒀸𒁹;𒁹𒀸𒁹𒀸𒁹𒀸𒁹𒀸𒀸𒀹🝯𒌋𒀹𒍻𒌋𒀸𒁹𒀸𒁹
𒁫,𒀸𒀸𒁹𒁹𒁹𒁹𒁹𒌋𒀸𒌋𒀸𒀹𒁹𒀹𒁹𒀹𒁹𒀹𒀸;𒁹𒁹𒁹𒁹𒀸𒀸𒀸𒀸𒀸𒀹🝯𒌋𒀹𒍻𒌋𒁹𒁹𒀸𒁹𒁹𒁹𒁹𒀹;𒁹𒀸𒁹𒀸𒁹𒀸𒁹𒀸𒀸𒀹🝯𒌋𒀹𒍻𒌋𒁹𒁹𒀸𒁹𒁹𒁹𒁹𒀹;𒁹𒁹𒁹𒁹𒀸𒀸𒀸𒀸𒀸𒀹🝯𒌋𒀹𒍻𒌋𒁹𒁹𒁹𒁹𒁹𒁹𒀹𒀸;𒁹𒀸𒁹𒀸𒁹𒀸𒁹𒀸𒀸𒀹🝯𒌋𒀹𒍻𒌋𒁹𒁹𒁹𒁹𒁹𒁹𒀹𒀸
𒁬,𒀸𒀸𒁹𒁹𒁹𒁹𒁹𒌋𒀸𒀸𒀸𒁹𒁹𒁹𒀸𒀸𒀸𒀹𒁹𒁹𒁹𒀸;𒁹𒁹𒁹𒁹𒀸𒀸𒀸𒀸𒀸𒀹🝯𒌋𒀹𒍻𒌋𒀸𒀸𒁹𒁹𒁹𒁹𒀸𒀹𒍻𒁹𒀹𒍻;𒁹𒀸𒁹𒀸𒁹𒀸𒁹𒀸𒀸𒀹🝯𒌋𒀹𒍻𒌋𒀸𒀸𒁹𒁹𒁹𒁹𒀸𒀹𒍻𒁹𒀹𒍻;𒁹𒁹𒁹𒁹𒀸𒀸𒀸𒀸𒀸𒀹🝯𒌋𒀹𒍻𒌋𒁹𒁹𒁹𒁹𒀸𒀸𒀸𒀹𒍻𒁹𒀹𒍻;𒁹𒀸𒁹𒀸𒁹𒀸𒁹𒀸𒀸𒀹🝯𒌋𒀹𒍻𒌋𒁹𒁹𒁹𒁹𒀸𒀸𒀸𒀹𒍻𒁹𒀹𒍻;𒁹𒁹𒁹𒁹𒀸𒀸𒀸𒀸𒀸𒀹🝯𒌋𒀹𒍻𒌋𒀸𒀸𒁹𒁹𒁹𒁹𒀸𒀹𒍻𒀹𒍻𒁹;𒁹𒀸𒁹𒀸𒁹𒀸𒁹𒀸𒀸𒀹🝯𒌋𒀹𒍻𒌋𒀸𒀸𒁹𒁹𒁹𒁹𒀸𒀹𒍻𒀹𒍻𒁹;𒁹𒁹𒁹𒁹𒀸𒀸𒀸𒀸𒀸𒀹🝯𒌋𒀹𒍻𒌋𒁹𒁹𒁹𒁹𒀸𒀸𒀸𒀹𒍻𒀹𒍻𒁹;𒁹𒀸𒁹𒀸𒁹𒀸𒁹𒀸𒀸𒀹🝯𒌋𒀹𒍻𒌋𒁹𒁹𒁹𒁹𒀸𒀸𒀸𒀹𒍻𒀹𒍻𒁹
𒁭,𒀸𒀸𒁹𒁹𒁹𒁹𒁹𒌋𒀸𒌋𒀸𒌋𒀸𒌋𒀸𒁹𒁹𒁹𒀸;𒁹𒁹𒁹𒁹𒀸𒀸𒀸𒀸𒀸𒀹🝯𒌋𒀹𒍻𒌋𒀸𒀸𒁹𒁹𒌋𒁹;𒁹𒀸𒁹𒀸𒁹𒀸𒁹𒀸𒀸𒀹🝯𒌋𒀹𒍻𒌋𒀸𒀸𒁹𒁹𒌋𒁹
𒁮,𒁹𒀹𒀹𒀸𒀸𒀸𒀸𒀸𒁹;𒁹𒀸𒀹𒍻𒁹𒀸𒀸𒁹𒀸𒌋;𒁹𒀹𒍻𒀸𒀸𒁹𒀸𒁹𒀸𒌋
𒁯,𒀸𒀸𒁹𒀹𒀹𒀹𒀹𒁹;𒀸𒁹𒀹𒀸𒀸𒀸𒀸𒀸𒁹;𒀸𒁹𒀸𒀸𒀸𒀸𒀹𒀸𒁹;𒁹𒀸𒀹𒀸𒀸𒀸𒀸𒀸𒁹;𒁹𒀸𒀸𒀸𒀸𒀸𒀹𒀸𒁹
𒁰,𒀸𒁹𒀹𒁹𒀹𒀸𒀸𒀸𒁹𒀹𒁹𒀹;𒀸𒁹𒁹𒀹𒀹𒀸𒀸𒀸𒁹𒁹𒀹𒀹;𒌋𒌋𒀹𒀹𒀹𒀹𒍻𒍻𒍻𒍻𒁹𒀸𒀸𒀸𒀸𒀸𒁹𒀹𒍻
𒁱,𒁹𒀸𒀸𒀸𒀸𒁹𒀹𒁹𒀹𒀸𒀸𒀸𒀸;𒁹𒀸𒀸𒀸𒀸𒁹𒁹𒀹𒀹𒀸𒀸𒀸𒀸;𒀸𒁹𒀸𒀸𒀸𒀸𒀸𒀸𒀸𒀹🝯𒁹
𒁲,𒌋𒁹𒀸𒀸𒁹;🝯𒀹𒀹🝯𒀸𒀸;🝯𒀹𒀸𒀸𒀹🝯
𒁳,𒀸𒁹𒀸𒀸𒀸𒁹𒁹;𒀸𒁹𒀸𒀸𒁹𒀸𒁹;𒀸𒁹𒁹𒀸𒀸𒀸𒁹
𒁴,𒀸𒁹𒀹𒀹𒀹𒍻;𒀸𒁹𒁹𒀹𒍻𒀹𒍻
𒁵,𒀸𒁹𒀹𒀹𒀹𒀹𒀹𒀹𒍻;𒀸𒁹𒁹𒀹𒍻𒀹𒍻𒌋𒌋𒌋𒌋;𒀸𒁹𒁹𒀹𒍻𒌋𒌋𒌋𒌋𒀹𒍻
𒁶,𒌋𒀸𒀸𒀹𒀹𒁹𒁹;𒌋𒀸𒀹𒀹𒀸𒁹𒁹;𒀸𒁹𒍻𒀹𒍻𒀸𒁹;𒀸𒁹𒀸𒀹𒍻𒀸𒁹
𒁷,𒌋𒁹𒀸𒌋;𒌋𒌋𒀹𒍻
𒁸,𒌋𒌋𒀹𒍻𒀹𒀹𒍻𒍻𒀸𒀸𒀸𒀸𒌋𒁹
𒁹,𒁹
𒁺,𒀸𒌋𒀸𒀸𒁹
𒁻,𒀸𒌋𒀸𒀸𒁹𒀸𒌋𒀸𒀸𒁹;𒀸𒌋𒀸𒀸𒀸𒌋𒀸𒀸𒁹𒁹
𒁼,𒀸𒌋𒀸𒀸𒀸𒀸𒀸𒁹;𒀸𒌋𒀸𒀸𒀸𒀸𒀸𒀸𒁹
𒁽,𒀸𒀸𒌋𒀸𒀹𒀹𒀹𒀹𒁹;𒀸𒌋𒀸𒀸𒀹𒀹𒀹𒀹𒁹;𒀸𒀸𒌋𒀹𒀹𒀹𒀹𒀸𒁹;𒀸𒌋𒀸𒀹𒀹𒀹𒀹𒀸𒁹;𒀸𒌋𒌋𒌋𒀸𒀸𒌋𒌋𒁹;𒀸𒌋𒀸𒀸𒁹𒌋𒌋𒌋𒌋
𒁾,𒀸𒀸𒀸𒀸𒁹𒁹𒁹𒁹;𒀸𒀸𒁹𒁹𒁹𒀸𒁹𒁹𒁹𒁹𒁹𒀸𒁹;𒀸𒁹𒁹𒀸𒁹𒀸𒁹𒁹𒁹𒁹𒁹𒀸𒁹
𒂀,𒀸𒌋𒀸𒀸𒀸𒁹𒀸𒀸𒌋𒀸𒀸𒀸𒁹;𒀸𒌋𒀸𒀸𒀸𒁹𒀸𒌋𒀸𒀸𒀸𒁹𒀸;𒀸𒌋𒀸𒁹𒁹𒁹𒌋𒀹𒍻𒀸𒀸𒀸𒀸𒀸𒀸𒁹𒁹;𒀸𒌋𒀸𒁹𒁹𒁹𒌋𒀹𒍻𒀸𒀸𒀸𒁹𒀸𒀸𒀸𒁹
𒂁,𒀸𒀸𒁹𒁹𒁹𒀹𒀹;𒀸𒀸𒁹𒁹𒁹𒁹𒁹𒀹𒍻𒁹𒁹𒁹;𒀸𒀸𒁹𒁹𒁹𒁹𒁹𒁹𒁹𒁹𒀹𒍻
𒂂,𒌋𒀸𒀸𒀸𒀸𒀸𒀸𒀸𒀸;𒌋𒀸𒀸𒀸𒀸𒀸𒀸𒀸𒀸𒀸
𒂃,𒀸𒀸𒌋𒌋𒌋𒌋𒌋𒌋𒌋𒌋;𒀸𒌋𒌋𒌋𒌋𒀸𒌋𒌋𒌋𒌋
𒂄,𒌋𒁹𒁹𒀸𒀸𒁹𒁹𒁹𒁹𒁹𒁹𒁹𒁹;𒀹🝯𒀹𒀹🝯𒀸𒁹𒁹𒁹𒁹𒀸𒁹;𒀹🝯𒀹𒀹🝯𒀸𒀸𒁹𒁹𒁹𒁹𒁹
𒂅,𒁹𒀸𒁹𒁹𒀸𒀸𒀸𒁹;𒁹𒁹𒁹𒀸𒀸𒀸𒀸𒁹;𒀸𒁹𒁹𒀸𒀸𒁹
𒂆,𒁹𒀸𒁹𒁹𒀸𒀸𒀸𒁹;𒁹𒁹𒁹𒀸𒀸𒀸𒀸𒁹;𒀸𒁹𒁹𒀸𒀸𒁹𒁹𒁹𒁹𒁹
𒂇,𒀸𒀸𒀸𒁹𒁹𒁹𒀸𒀸𒀸𒀸𒁹;𒀸𒀸𒀸𒀸𒀸𒁹𒁹𒀸𒀸𒁹𒁹𒁹𒁹𒁹
𒂈,𒀸𒀸𒀸𒁹𒁹𒁹𒀸𒀸𒀸𒀹𒀹𒀸𒁹;𒀸𒀸𒀸𒀸𒀸𒁹𒁹𒀸𒀸𒁹𒁹𒁹𒁹𒁹𒌋𒌋𒌋𒌋;𒀸𒀸𒀸𒀸𒀸𒁹𒁹𒀸𒀸𒌋𒁹𒌋𒌋𒁹𒌋𒁹𒁹𒁹
𒂉,𒁹𒀸𒀸𒀸𒀸𒁹;𒀸𒁹𒀸𒀸𒁹
𒂊,𒀸𒀸𒁹𒁹𒁹;𒀸𒁹𒀸𒀸𒀸𒀹🝯
𒂋,𒀸𒁹𒀸𒀸𒀸𒀹🝯𒀹𒍻;𒀸𒁹𒀸𒀸𒀸𒀹𒍻𒀹𒍻
𒂌,𒀸𒁹𒀸𒀸𒀸𒀹🝯𒀸𒁹𒀸𒀸𒀸𒀹🝯𒀸𒁹𒁹𒁹𒁹𒁹𒀸𒁹𒁹𒁹𒁹𒁹
𒂍,𒀸𒀸𒁹𒁹𒁹𒁹;𒁹𒀸𒁹𒀸𒁹𒀸𒁹𒀸𒁹;𒁹𒁹𒁹𒁹𒀸𒀸𒀸𒀸𒁹
𒂎,𒁹𒀸𒁹𒀸𒁹𒀸𒁹𒀸𒁹𒁹𒁹𒁹𒁹𒁹𒌋𒁹𒁹𒀸𒌋𒀸𒀸𒀸𒀸𒀸𒀸𒁹𒀸𒌋𒁹;𒁹𒁹𒁹𒁹𒀸𒀸𒀸𒀸𒁹𒁹𒁹𒁹𒁹𒁹𒌋𒁹𒁹𒀸𒌋𒀸𒀸𒀸𒀸𒀸𒀸𒁹𒀸𒌋𒁹
𒂏,𒁹𒀸𒁹𒀸𒁹𒀸𒁹𒀸𒁹𒁹𒁹𒁹🝯;𒁹𒁹𒁹𒁹𒀸𒀸𒀸𒀸𒁹𒁹𒁹𒁹🝯
𒂐,𒁹𒀸𒁹𒀸𒁹𒀸𒁹𒀸𒁹𒌋𒀸𒀸𒀸𒀸𒀸𒀸𒀸𒀸;𒁹𒁹𒁹𒁹𒀸𒀸𒀸𒀸𒁹𒌋𒀸𒀸𒀸𒀸𒀸𒀸𒀸𒀸
𒂑,𒁹𒀸𒁹𒀸𒁹𒀸𒁹𒀸𒁹𒁹𒀹𒀸𒍻;𒁹𒁹𒁹𒁹𒀸𒀸𒀸𒀸𒁹𒁹𒀹𒀸𒍻
𒂒,𒁹𒀸𒁹𒀸𒁹𒀸𒁹𒀸𒁹𒌋𒌋𒌋𒌋𒌋𒌋𒌋𒌋𒌋𒌋;𒁹𒁹𒁹𒁹𒀸𒀸𒀸𒀸𒁹𒌋𒌋𒌋𒌋𒌋𒌋𒌋𒌋𒌋𒌋
𒂔,𒀸𒀸𒀹𒀹𒀹𒀹𒀹𒀹𒁹𒁹;𒀸𒁹𒀸𒁹𒀸𒁹𒁹𒁹𒀹𒍻𒁹𒀸𒀸𒀸𒀸𒁹𒀹𒍻𒌋;𒀸𒀸𒀸𒁹𒁹𒁹𒁹𒁹𒀹𒍻𒁹𒀸𒀸𒀸𒀸𒁹𒀹𒍻𒌋
𒂕,𒀸𒌋𒀸𒀸𒁹𒀸𒀸𒀸𒀹𒀹𒁹𒁹;𒀸𒌋𒀸𒁹𒀸𒀸𒀸𒀸𒀹𒀹𒁹𒁹;𒀸𒌋𒀸𒌋𒁹𒁹𒁹𒁹𒀸𒀹𒀸𒀸𒀸𒀸𒀸𒀹🝯
𒂖,𒁹𒀹𒀹𒀸𒀸𒁹𒁹𒁹;𒁹𒀹𒀸𒍻𒀸𒁹𒀸𒁹
𒂗,𒀸𒁹𒌋𒁹𒌋;𒀸𒁹𒁹𒌋𒌋;𒀸𒁹𒁹𒌋𒀸𒀸𒀸𒀸𒁹𒌋;𒀸𒁹𒁹𒀸𒀸𒀸𒀸𒁹𒌋𒌋
𒂘,𒀸𒀸𒀸𒁹𒁹𒁹𒀸𒁹𒀹𒁹𒀹𒁹;𒀸𒀸𒀸𒁹𒁹𒁹𒀸𒁹𒁹𒁹𒀹𒀹;𒀸𒀸𒀸𒀸𒁹𒁹𒁹𒁹𒀹𒁹𒀹𒁹;𒀸𒀸𒀸𒀸𒁹𒁹𒁹𒁹𒁹𒁹𒀹𒀹;𒀸𒁹𒁹𒌋𒀸𒀸𒀸𒀸𒁹𒌋𒀸𒀸𒁹𒁹𒁹𒁹𒁹𒁹;𒀸𒁹𒁹𒀸𒀸𒀸𒀸𒁹𒌋𒌋𒀸𒀸𒁹𒁹𒁹𒁹𒁹𒁹;𒀸𒀸𒁹𒁹𒁹𒁹𒁹𒁹𒀸𒁹𒁹𒌋𒀸𒀸𒀸𒀸𒁹𒌋;𒀸𒀸𒁹𒁹𒁹𒁹𒁹𒁹𒀸𒁹𒁹𒀸𒀸𒀸𒀸𒁹𒌋𒌋
𒂙,𒀸𒀸𒀸𒁹𒁹𒁹𒀸𒁹𒀹𒁹𒀹𒁹;𒀸𒀸𒀸𒁹𒁹𒁹𒀸𒁹𒁹𒁹𒀹𒀹;𒀸𒀸𒀸𒀸𒁹𒁹𒁹𒁹𒀹𒁹𒀹𒁹;𒀸𒀸𒀸𒀸𒁹𒁹𒁹𒁹𒁹𒁹𒀹𒀹;𒀹𒀹𒁹𒁹𒁹𒁹𒁹𒀸𒁹𒁹𒌋𒀸𒀸𒀸𒀸𒁹𒌋;𒀹𒀹𒁹𒁹𒁹𒁹𒁹𒀸𒁹𒁹𒀸𒀸𒀸𒀸𒁹𒌋𒌋;𒀸𒁹𒁹𒌋𒀸𒀸𒀸𒀸𒁹𒌋𒀹𒀹𒁹𒁹𒁹𒁹𒁹;𒀸𒁹𒁹𒀸𒀸𒀸𒀸𒁹𒌋𒌋𒀹𒀹𒁹𒁹𒁹𒁹𒁹
𒂚,𒁹𒀸𒀸𒁹𒁹𒌋𒀸𒀸𒀸𒀸𒁹𒌋;𒁹𒀸𒀸𒁹𒁹𒀸𒀸𒀸𒀸𒁹𒌋𒌋;𒀸𒁹𒁹𒌋𒀸𒀸𒀸𒀸𒁹𒌋𒁹𒀸;𒀸𒁹𒁹𒀸𒀸𒀸𒀸𒁹𒌋𒌋𒁹𒀸
𒂛,𒀸𒁹𒁹𒌋𒀸𒀸𒀸𒀸𒁹𒌋𒀸𒁹𒁹𒌋𒀸𒀸𒀸𒀸𒁹𒌋;𒀸𒁹𒁹𒀸𒀸𒀸𒀸𒁹𒌋𒌋𒀸𒁹𒁹𒀸𒀸𒀸𒀸𒁹𒌋𒌋
𒂝,𒀸𒁹𒁹𒌋𒀸𒀸𒀸𒀸𒁹𒌋𒀸𒁹𒁹𒌋𒀸𒀸𒀸𒀸𒁹𒌋𒀸𒁹𒁹𒌋𒀸𒀸𒀸𒀸𒁹𒌋𒀸𒁹𒁹𒌋𒀸𒀸𒀸𒀸𒁹𒌋;𒀸𒁹𒁹𒀸𒀸𒀸𒀸𒁹𒌋𒌋𒀸𒁹𒁹𒀸𒀸𒀸𒀸𒁹𒌋𒌋𒀸𒁹𒁹𒀸𒀸𒀸𒀸𒁹𒌋𒌋𒀸𒁹𒁹𒀸𒀸𒀸𒀸𒁹𒌋𒌋
𒂞,𒁹𒀸𒀸𒀸𒀸𒁹𒀹𒁹𒀹𒀸𒀸𒀸𒀸𒁹𒁹𒁹;𒁹𒀸𒀸𒀸𒀸𒁹𒁹𒀹𒀹𒀸𒀸𒀸𒀸𒁹𒁹𒁹;𒀸𒁹𒀸𒀸𒀸𒀸𒀸𒀸𒁹𒀹𒁹𒀸𒁹𒁹𒁹𒁹𒁹;𒀸𒁹𒀸𒀸𒀸𒀸𒀸𒁹𒀹𒁹𒀸𒀸𒁹𒁹𒁹𒁹𒁹
𒂟,𒀹𒀹𒁹𒁹;𒀹🝯𒀹🝯
𒂠,𒁹𒀸𒀸𒀸𒀸𒁹;𒀸𒁹𒀸𒀸𒀸𒀸𒀸𒀸𒁹
𒂡,𒀸𒀸𒀸𒀸𒀸𒁹𒀸𒀸𒁹;𒀸𒁹𒀸𒁹𒀸𒀸𒁹𒀸𒀸𒁹
𒂢,𒀸𒁹𒀸𒁹𒀸𒀸𒁹𒀸𒀸𒁹𒁹𒁹𒁹
𒂣,𒀸𒁹𒀸𒁹𒀸𒀸𒁹𒀸𒀸𒁹𒁹𒁹𒁹𒁹𒀸
𒂤,𒀸𒁹𒀸𒁹𒀸𒀸𒁹𒀸𒀸𒁹𒁹𒁹𒁹𒁹𒁹𒀸𒀸
𒂦,𒀸𒁹𒀸𒁹𒀸𒀸𒁹𒀸𒀸𒁹𒀸𒍻𒀹;𒀸𒀸𒀸𒀸𒀸𒁹𒀸𒀸𒀸𒌋𒁹
𒂩,𒀸𒁹𒀸𒁹𒀸𒀸𒁹𒀸𒀸𒁹𒁹𒁹𒌋𒁹𒁹𒌋
𒂫,𒀸𒁹𒀸𒁹𒀸𒀸𒁹𒀸𒀸𒁹𒀸𒀸𒀸𒀸𒌋𒁹𒀸
𒂬,𒀸𒁹𒀸𒁹𒀸𒀸𒁹𒀸𒀸𒁹𒀹𒀹𒍻𒍻;𒀸𒀸𒀸𒀸𒀸𒁹𒀸𒀸𒀸𒀸𒀹𒀹𒁹;𒀸𒀸𒀸𒀸𒀸𒁹𒀸𒀸𒀸𒀹𒀹𒀸𒁹
𒂭,𒀸𒁹𒀸𒁹𒀸𒀸𒁹𒀸𒀸𒁹𒀹𒀹𒍻𒍻𒀸𒁹𒀸𒁹𒀸𒀸𒁹𒀸𒀸𒁹𒀹𒀹𒍻𒍻𒀸𒁹𒀸𒁹𒀸𒀸𒁹𒀸𒀸𒁹𒀹𒀹𒍻𒍻𒀸𒁹𒀸𒁹𒀸𒀸𒁹𒀸𒀸𒁹𒀹𒀹𒍻𒍻
𒂮,𒀸𒁹𒀸𒁹𒀸𒀸𒁹𒀸𒀸𒁹𒍻𒀹𒀹𒀹𒀹𒀹🝯🝯🝯🝯𒀹𒍻𒀹🝯
𒂯,𒀸𒁹𒀸𒁹𒀸𒀸𒁹𒀸𒀸𒁹𒀸𒀸𒁹𒁹𒁹𒁹𒀸𒀸𒀸𒀸𒀸𒁹
𒂰,𒀸𒁹𒀸𒁹𒀸𒀸𒁹𒀸𒀸𒁹𒁹𒀸𒁹𒀸;𒀸𒁹𒀸𒁹𒀸𒀸𒁹𒀸𒀸𒁹𒁹𒁹𒀸𒀸;𒀸𒁹𒀸𒁹𒀸𒀸𒁹𒀸𒀸𒁹𒀸𒀸𒁹𒁹;𒀸𒁹𒀸𒁹𒀸𒀸𒁹𒀸𒀸𒁹𒀸𒁹𒀸𒁹
𒂱,𒀸𒁹𒀸𒁹𒀸𒀸𒁹𒀸𒀸𒁹𒌋𒌋𒌋𒌋𒌋𒌋𒌋𒌋𒌋𒌋𒀸𒀸𒀸𒀸𒀹𒍻𒁹
𒂲,𒀸𒁹𒀸𒁹𒀸𒀸𒁹𒀸𒀸𒁹𒀸𒁹𒀸𒁹𒀸𒁹;𒀸𒁹𒀸𒁹𒀸𒀸𒁹𒀸𒀸𒁹𒀸𒁹𒁹𒁹𒀸𒀸
𒂳,𒀸𒁹𒀸𒁹𒀸𒀸𒁹𒀸𒀸𒁹𒀸𒀸𒁹𒁹𒁹𒁹
𒂴,𒀸𒁹𒀸𒁹𒀸𒀸𒁹𒀸𒀸𒁹𒀸𒀸𒀹🝯;𒀸𒁹𒀸𒁹𒀸𒀸𒁹𒀸𒀸𒁹𒍻𒀹𒀹🝯
𒂵,𒀸𒀸𒁹𒁹𒁹𒀹𒀹;𒀸𒁹𒀸𒀸𒀸𒀸𒀸𒁹𒀹𒍻𒁹𒁹𒁹
𒂶,𒀸𒁹𒀸𒀸𒀸𒀸𒁹𒁹𒁹𒁹𒀸𒁹𒀹𒍻𒁹𒁹𒁹
𒂷,𒀸𒀸𒁹𒁹𒁹
𒂸,𒀸𒀸𒁹𒁹𒁹𒁹𒁹𒁹𒀸𒀸𒀸𒀸𒀸𒀸𒀸𒀸𒌋𒁹𒁹𒁹𒌋𒁹𒁹𒌋
𒂺,𒀸𒀸𒁹𒁹𒁹𒁹𒁹𒁹𒌋𒁹𒀸
𒂼,𒀸𒀸𒁹𒁹𒁹𒀸𒀸𒁹𒁹;𒀸𒀸𒁹𒁹𒁹𒁹𒀹𒀸𒍻;𒀸𒀸𒁹𒁹𒁹𒁹𒀸𒀹𒍻
𒂽,𒀸𒀸𒁹𒁹𒁹𒀸
𒂾,𒀸𒀸𒁹𒁹𒁹𒁹𒀸𒀸𒀸𒀸𒀸𒀸𒀸𒀸𒁹𒀸
𒂿,𒀸𒀸𒁹𒁹𒁹𒀸𒍻𒀹
𒃂,𒀸𒀸𒁹𒁹𒁹𒀸𒀸𒀸𒀸𒀸𒁹𒀹🝯𒀸𒀸𒁹𒀸𒀸𒁹𒁹𒀸𒁹
𒃃,𒀸𒀸𒁹𒁹𒁹𒀸𒀸𒀸𒀸𒀸𒀸𒀸𒁹𒀸𒌋𒁹
𒃄,𒀸𒀸𒁹𒁹𒁹🝯𒀹𒀹🝯𒀸𒀸;𒀸𒀸𒁹𒁹𒁹🝯𒀹𒀸𒀸𒀹🝯
𒃅,𒀸𒀸𒁹𒁹𒁹𒀸𒁹𒁹𒀹𒍻𒀹𒀹𒀹𒀹𒀹𒍻
𒃆,𒀸𒀸𒁹𒁹𒁹𒀸𒀸𒁹𒁹𒁹𒀸𒁹𒁹𒁹𒁹𒁹𒁹𒀸
𒃈,𒀸𒀸𒁹𒁹𒁹
𒃉,𒀸𒀸𒁹𒁹𒁹𒀸𒁹𒁹𒌋𒀸𒀸𒀸𒀸𒁹𒌋
𒃊,𒀸𒀸𒁹𒁹𒁹𒀹𒀹𒁹𒁹𒁹𒁹𒁹𒀸𒁹𒁹𒌋𒀸𒀸𒀸𒀸𒁹𒌋
𒃋,𒀸𒀸𒁹𒁹𒁹𒀹𒀹𒁹𒁹𒁹𒁹𒁹
𒃌,𒀸𒀸𒁹𒁹𒁹𒁹𒁹𒁹🝯
𒃍,𒀸𒀸𒁹𒁹𒁹𒀸𒁹𒁹𒀹𒀹𒀹𒀸𒍻𒍻𒍻
𒃎,𒀸𒀸𒁹𒁹𒁹𒀸𒀸𒀸𒀸𒁹𒀸𒀹𒀹𒀹𒀹𒀹𒍻𒍻;𒀸𒀸𒁹𒁹𒁹𒀸𒀸𒀸𒀸𒁹𒁹𒀹𒀹𒀹𒀹;𒀸𒀸𒁹𒁹𒀸𒀸𒀸𒀸𒁹𒁹𒀹𒀹𒀹𒀹𒁹
𒃐,𒀸𒀸𒁹𒁹𒁹𒀸𒀹𒍻𒁹𒀹𒍻𒍻𒀸𒀸𒁹𒁹𒁹𒁹𒀹
𒃑,𒀸𒀸𒁹𒁹𒁹𒁹𒁹𒌋𒁹𒁹𒌋𒀸𒁹𒀸𒁹𒀸𒁹𒀸𒁹𒀸𒀸𒀸𒀸𒀸𒀸𒁹
𒃓,𒀸𒀸𒁹𒁹𒁹𒀸𒀹𒍻𒀸𒀸𒁹𒁹𒁹𒁹𒀸𒀸𒀸𒀸𒀸𒁹
𒃔,𒀸𒀸𒁹𒁹𒁹𒍻𒀹𒀹𒍻𒌋𒌋𒌋𒌋𒌋𒌋𒌋𒌋𒌋𒌋𒀸𒀸𒀸𒀸𒁹𒀹𒍻𒁹
𒃕,𒀸𒀸𒁹𒁹𒁹𒀹𒀹𒀸𒀸𒀹𒀹;𒀸𒀸𒁹𒁹𒁹𒁹𒀸𒁹𒍻𒀹𒌋𒁹
𒃖,𒀸𒀸𒁹𒁹𒁹𒀸𒀸𒀸𒀸𒌋𒁹𒀸
𒃗,𒀸𒀸𒁹𒁹𒁹𒀸𒀸𒀸𒀸𒌋𒁹𒀸𒁹𒌋𒁹𒀸
𒃘,𒀸𒀸𒁹𒁹𒁹𒁹𒀹𒍻
𒃙,𒀸𒀸𒁹𒁹𒁹𒀹𒀹𒍻𒍻
𒃛,𒀸𒀸𒁹𒁹𒁹𒀸𒀸𒀸𒀸𒁹𒁹𒁹𒁹𒁹𒁹𒁹𒀸
𒃜,𒀸𒀸𒁹𒁹𒁹𒍻𒀹𒀹𒀹𒀹𒀹𒀹𒍻𒀹🝯🝯🝯🝯🝯𒁹𒀹𒀸𒍻
𒃞,𒀸𒀸𒁹𒁹𒁹𒀸𒀸𒁹𒀹𒁹𒀹𒁹;𒀸𒀸𒁹𒁹𒁹𒁹𒀸𒀸𒁹𒁹𒌋𒀸𒀸𒀸𒁹𒌋𒀸
𒃟,𒀸𒀸𒁹𒁹𒁹𒌋𒀸𒀸𒀸𒀸𒀸𒀸𒀸𒀸
𒃠,𒀸𒀸𒁹𒁹𒀸𒁹𒁹𒁹𒁹𒁹;𒀸𒀸𒁹𒁹𒁹𒀸𒁹𒁹𒁹𒁹;𒀸𒀸𒁹𒁹𒁹𒀸𒁹𒁹𒁹𒁹𒁹
𒃡,𒀸𒀸𒁹𒁹𒀸𒀸𒁹𒁹𒁹𒁹𒁹𒁹𒁹𒁹𒁹;𒀸𒀸𒁹𒁹𒁹𒀸𒁹𒁹𒁹𒁹𒀸𒁹𒁹𒁹𒁹𒁹𒁹;𒀸𒀸𒁹𒁹𒁹𒀸𒁹𒁹𒁹𒁹𒁹𒀸𒁹𒁹𒁹𒁹𒁹
𒃢,𒀸𒀸𒁹𒁹𒀸𒀸𒀸𒀸𒀸𒁹𒀸𒀸𒁹𒁹;𒀸𒀸𒁹𒁹𒀸𒀸𒁹𒁹;𒀸𒀸𒁹𒁹𒁹𒀸𒀸𒁹
𒃣,𒀸𒀸𒁹𒁹𒁹𒁹𒀹𒀹𒀸;𒀸𒀸𒁹𒁹𒁹𒀹𒀹𒀸𒁹;𒀸𒀸𒁹𒁹𒁹𒁹𒀹𒀸𒍻
𒃤,𒀸𒀸𒁹𒁹𒀸𒀸𒁹𒁹;𒀸𒀸𒁹𒁹𒁹𒀸𒀸𒁹;𒀸𒀸𒁹𒁹𒁹𒌋𒌋𒌋𒌋𒌋𒌋𒌋𒌋𒌋𒀸𒁹𒀸𒁹
𒃥,𒀸𒀸𒁹𒁹𒀹𒀹𒀹𒀹𒁹;𒀸𒀸𒁹𒁹𒁹𒀹𒀹𒀹𒀹;𒀸𒀸𒁹𒁹𒁹𒌋𒌋𒌋𒌋𒌋𒌋𒌋𒌋𒌋;𒀸𒀸𒁹𒁹𒌋𒌋𒌋𒌋𒌋𒌋𒌋𒌋𒌋𒁹
𒃦,𒀸𒀸𒁹𒁹𒁹𒌋𒌋𒌋𒌋𒌋𒌋𒌋𒌋𒌋𒌋𒁹𒀹𒀹𒍻𒍻𒀸𒀸;𒀸𒀸𒁹𒁹𒌋𒌋𒌋𒌋𒌋𒌋𒌋𒌋𒌋𒌋𒁹𒀹𒀹𒍻𒍻𒀸𒀸𒁹
𒃧,𒀸𒀸𒁹𒁹𒁹𒀸𒀸𒀸𒀸𒁹𒁹𒀸𒁹;𒀸𒀸𒁹𒁹𒀸𒀸𒀸𒀸𒁹𒁹𒀸𒁹𒁹
𒃨,𒀸𒀸𒁹𒁹𒁹𒌋𒌋𒌋𒌋𒌋𒌋𒌋𒌋𒌋𒌋
𒃩,𒀸𒀸𒁹𒁹𒁹𒁹𒁹𒁹𒁹𒁹𒁹𒀹;𒀸𒀸𒁹𒁹𒁹𒁹𒁹𒁹𒁹𒁹𒀹𒁹
𒃪,𒀸𒀸𒁹𒁹𒁹𒌋;𒀸𒀸𒁹𒁹𒌋𒁹
𒃫,𒀸𒀸𒁹𒁹𒁹𒍻𒀹𒀹🝯;𒀸𒀸𒁹𒁹𒍻𒀹𒀹🝯𒁹
𒃮,𒀸𒀸𒀹𒀹𒀹𒀹;𒀸𒀸𒌋𒌋𒌋𒌋𒌋𒌋𒌋𒌋
𒃰,𒀸𒁹𒀹;𒍻𒀹𒁹
𒃱,𒍻𒀹𒁹𒍻𒀹𒁹𒁹𒁹𒁹🝯𒁹𒁹𒁹🝯;𒍻𒀹𒁹𒁹𒁹𒁹🝯𒍻𒀹𒁹𒁹𒁹𒁹🝯
𒃲,𒀸𒀸𒀸𒁹𒀸;𒀸𒀸𒀸𒀸𒁹𒀸
𒃳,𒀸𒀸𒀸𒀸𒁹𒀸𒍻𒀹𒁹𒍻𒀹𒁹𒁹𒁹𒁹🝯𒁹𒁹𒁹🝯;𒀸𒀸𒀸𒀸𒁹𒀸𒍻𒀹𒁹𒁹𒁹𒁹🝯𒍻𒀹𒁹𒁹𒁹𒁹🝯
𒃴,𒀸𒀸𒌋𒀹𒍻𒌋;𒀸𒀸𒁹𒀹𒍻𒌋
𒃵,𒀹𒀹
𒃶,𒀸𒀸𒀸𒀸𒀸𒀸;𒀸𒀸𒁹𒁹𒁹𒁹𒀹𒍻𒁹𒁹𒁹𒁹𒀹𒍻
𒃷,𒀸𒀸𒁹𒁹𒁹𒁹;𒀸𒀸𒁹𒁹𒁹𒁹𒁹𒁹
𒃸,𒀸𒀸𒁹𒁹𒁹𒁹;𒀹𒀹𒁹𒁹𒁹𒁹𒁹
𒃹,𒀸𒀸𒁹𒁹𒁹𒁹𒁹𒁹𒀸𒀸𒁹𒁹𒁹𒁹𒁹𒁹
𒃺,𒀹𒍻🝯🝯🝯🝯🝯𒀹𒀹𒀹𒀹𒀹𒀹𒀹🝯
𒃻,𒁹𒁹𒁹𒁹;𒁹𒁹𒁹🝯
𒃼,𒀸𒀸𒀸𒀸𒌋𒀹𒍻
𒃽,𒀸𒌋𒀸𒀸𒀸;𒌋𒀹𒀹𒀹𒍻𒍻𒍻;𒀹𒀹𒀹𒌋𒍻𒍻𒍻
𒃾,𒀸𒌋𒀸𒀸𒁹𒌋;𒀸𒌋𒀸𒌋𒁹𒁹𒀹𒍻;𒀸𒌋𒀸𒁹𒁹𒌋𒀹𒍻
𒃿,𒀸𒌋𒀸𒁹𒁹𒌋𒀹𒍻𒀹𒀹𒀹;𒀸𒌋𒀸𒌋𒁹𒁹𒀹𒍻𒀹𒀹𒀹;𒀸𒌋𒀸𒁹𒁹𒌋𒀹𒀹𒀹𒀹𒍻;𒀸𒌋𒀸𒌋𒁹𒁹𒀹𒀹𒀹𒀹𒍻
𒄀,𒀸𒁹𒁹𒀹𒀹𒀹𒀹;𒁹𒀸𒁹𒀹𒀹𒀹𒀹𒍻𒍻;𒁹𒁹𒀸𒀹𒀹𒀹𒀹𒍻𒍻;𒀸𒁹𒀹𒀹𒀹𒀹𒀹;𒁹𒀸𒀹𒀹𒀹𒀹𒀹𒍻𒍻;𒁹𒁹𒀸𒀹𒀹𒀹𒀹𒍻𒍻
𒄁,𒁹𒁹𒀸𒀹𒀹𒀹𒀹𒍻𒍻𒀸𒀸𒀸𒀸𒁹𒀹🝯;𒁹𒀹𒀸𒀹𒀹𒀹𒀹𒍻𒍻𒀸𒀸𒀸𒀸𒁹𒀹🝯;𒁹𒀸𒁹𒀹𒀹𒀹𒀹𒍻𒍻𒀸𒀸𒀸𒀸𒁹𒀹🝯;𒁹𒀸𒀹𒀹𒀹𒀹𒀹𒍻𒍻𒀸𒀸𒀸𒀸𒁹𒀹🝯
𒄃,𒀸𒀹𒁹𒁹𒁹𒁹𒀹𒀹𒀹𒀹𒀹𒀹𒀹𒀹;🝯🝯𒀹𒀹𒀹𒍻𒀸𒀸𒀸𒀸𝆹𝅥𝆹𝅥𒁹𒁹𒁹𒁹𒀸𒀸;🝯🝯𒀹𒀹𒀹𒍻𒀸𒀸𒀸𒀸𒁹𒁹𒁹𒁹𒁹𒁹𒀸𒀸
𒄄,𒀸𒀸𒀸𒀸𒁹𒁹𒀹𒀹𒀹𒀹;𒀸𒀸𒀸𒀸𒁹𒁹𒀸𒀹𒀹𒀹𒀹𒍻𒍻;𒀸𒀸𒀸𒀸𒁹𒀸𒁹𒀹𒀹𒀹𒀹𒍻𒍻;𒀸𒀸𒀸𒀸𒁹𒀹𒀸𒀹𒀹𒀹𒀹𒍻𒍻;𒀸𒀸𒀸𒀸𒁹𒀸𒀹𒀹𒀹𒀹𒀹𒍻𒍻
𒄅,𒀸𒀸𒀸𒀸𒁹𒁹𒀸𒀹𒀹𒀹𒀹𒍻𒍻𒀸𒀸𒀸𒀸𒁹𒁹𒀸𒀹𒀹𒀹𒀹𒍻𒍻;𒀸𒀸𒀸𒀸𒁹𒀸𒁹𒀹𒀹𒀹𒀹𒍻𒍻𒀸𒀸𒀸𒀸𒁹𒀸𒁹𒀹𒀹𒀹𒀹𒍻𒍻;𒀸𒀸𒀸𒀸𒁹𒀹𒀸𒀹𒀹𒀹𒀹𒍻𒍻𒀸𒀸𒀸𒀸𒁹𒀹𒀸𒀹𒀹𒀹𒀹𒍻𒍻;𒀸𒀸𒀸𒀸𒁹𒀸𒀹𒀹𒀹𒀹𒀹𒍻𒍻𒀸𒀸𒀸𒀸𒁹𒀸𒀹𒀹𒀹𒀹𒀹𒍻𒍻
𒄆,𒀹𒀹𒀹𒀹🝯🝯𒀹𒀹𒀹𒍻𒍻𒍻𒍻𒍻𒀹𒀹𒀹𒀹𝆹𝅥𝆹𝅥𒀸𒀸🝯🝯🝯🝯;𒀹𒀹𒀹𒀹🝯🝯𒀹𒀹𒀹𒍻𒍻𒍻𒍻𒍻𒀹𒀹𒀹𒀹𒁹𒁹𒀸𒀸🝯🝯🝯🝯;𒀸𒀸𒀸𒀸𒀹𒀹𒀹𒀹𒁹𒁹𒁹𒁹𒀹𒀹𒀹𒀹𒀹𒀹𒀹𒀹
𒄇,𒁹𒁹𒀸𒀸𒌋𒀸𒁹𒀸𒀸𒀹𒁹;𒁹𒁹𒁹𒀸𒀹𒀸𒀸𒀸𒀸𒀹𒀹𒁹𒁹
𒄈,𒀸𒀸𒀹𒁹𒁹𒁹;𒀸𒀹𒍻𒁹𒀹𒍻;𒀸𒀹𒍻𒀹𒍻𒁹
𒄉,𒀸𒀸𒀹𒁹𒁹𒁹;𒀸𒀹𒍻𒁹𒁹𒁹𒁹𒀹𒍻;𒀸𒀹𒍻𒀹𒍻𒁹𒁹𒁹𒁹
𒄊,𒌋𒀸𒀸𒀸𒀸𒀸𒁹;𒍻𒀹𒀹𒀸𒍻𒁹𒀸𒀹𒀸𒀸𒀸𒀸𒁹𒍻
𒄋,𒌋𒀸𒀸𒀸𒀸𒁹𒁹𒁹𒌋𒁹𒀸;𒍻𒀹𒀹𒀸𒍻𒁹𒁹𒁹𒌋𒁹𒀸𒁹𒀸𒀹𒀸𒀸𒀸𒀸𒁹𒍻
𒄌,𒍻𒀹𒀹𒀸𒍻𒁹𒀸𒀹𒀸𒀸𒀸𒀸𒁹𒍻𒀹𒀹𒁹𒁹𒁹𒁹𒁹
𒄍,𒍻𒀹𒀹𒀸𒍻𒌋𒁹𒀸𒁹𒀸𒀹𒀸𒀸𒀸𒀸𒁹𒍻
𒄎,𒍻𒀹𒀹𒀸𒍻𒀸𒁹𒀸𒁹𒀸𒁹𒌋𒁹𒀸𒁹𒀸𒀹𒀸𒀸𒀸𒀸𒁹𒍻
𒄏,𒍻𒀹𒀹𒀸𒍻𒁹𒀸𒀸𒁹𒀸𒀹𒀸𒀸𒀸𒀸𒁹𒍻
𒄐,𒀸𒌋𒀸𒌋𒀸𒀸𒁹;𒀸𒀸𒁹𒀹𒍻𒀸𒀸𒁹
𒄑,𒀸𒀸𒁹
𒄒,𒀸𒌋𒀸𒌋𒁹𒁹;𒀹𒀹𒍻𒍻𒀹🝯
𒄓,𒀸𒀸𒍻𒀹𒀸𒁹
𒄕,𒀹𒀹𒍻
𒄖,𒁹𒀹𒀹𒀸𒀹𒀹;𒀹𒁹𒁹𒍻𒀸𒌋𒌋
𒄗,𒁹𒀹𒀹𒀹𒍻𒀹𒀹𒀹𒀹;𒀹🝯🝯𒀹𒀹𒌋𒌋𒍻𒀹𒀹𒍻𒍻𒌋𒌋
𒄘,𒀸𒀸𒁹𒁹𒀹𒀹𒀹𒀹;𒀸𒁹𒀸𒁹𒍻𒀹𒁹𒀹𒍻;𒀸𒁹𒀸𒁹𒍻𒀹𒀹𒍻𒁹
𒄙,𒀸𒀸𒁹𒁹𒀹𒀹𒀹𒀹𒀸𒀸𒁹;𒀸𒁹𒀸𒁹𒍻𒀹𒀹𒍻𒁹𒀹𒍻𒁹;𒀸𒁹𒀸𒁹𒍻𒀹𒁹𒀹𒍻𒁹𒀹𒍻
𒄛,𒀸𒀸𒁹𒁹𒀹𒀹𒀹𒀹𒀸𒁹𒁹𒁹;𒀸𒁹𒀸𒁹𒍻𒀹𒀹𒍻𒀸𒁹𒁹𒁹𒁹𒁹𒁹;𒀸𒁹𒀸𒁹𒍻𒀹𒀸𒁹𒁹𒁹𒁹𒁹𒁹𒀹𒍻
𒄝,𒀸𒁹𒀸𒁹𒁹𒁹𒍻𒀹𒁹𒁹𒁹𒀹𒍻;𒀸𒁹𒀸𒁹𒁹𒁹𒍻𒀹𒀹𒍻𒁹𒁹𒁹;𒀸𒀸𒀸𒀸𒀸𒁹𒁹𒀹𒀹𒀹𒀹
𒄞,𒀸𒀸𒁹𒀹𒀹;𒀸𒀸𒁹𒀹𒍻
𒄟,𒀸𒀸𒁹𒀹𒍻𒁹𒁹𒁹𒀹𒀹𒀹;𒀸𒀸𒁹𒁹𒁹𒁹𒀹𒀹𒀹𒀹𒍻
𒄠,𒀸𒀸𒁹𒀹𒍻𒀹𒀹𒀹;𒀸𒀸𒁹𒀹𒀹𒀹𒀹𒍻;𒀸𒀸𒀹𒀹𒀹𒀹
𒄡,𒀸𒀸𒁹𒀹𒍻𒀸𒀸𒁹𒀹𒍻𒀸𒀸𒀸𒀸𒁹𒀸𒁹𒀹𒀹𒍻𒁹𒁹𒁹𒀹
𒄢,𒌋𒀸𒀸𒁹𒀸𒌋𒀸𒁹;𒌋𒀸𒀸𒀸𒁹𒀸𒌋𒁹;𒌋𒀸𒀸𒀸𒀸𒌋𒁹;𒌋𒀸𒀸𒀸𒌋𒀸𒁹
𒄣,𒀸𒌋𒀸𒀸𒌋𒀸𒌋;𒀸𒌋𒀸𒌋𒀸𒀸𒌋;𒀸𒌋𒀸𒌋𒁹𒁹𒀸𒌋𒀸𒌋;𒀸𒌋𒀸𒁹𒁹𒌋𒀸𒌋𒀸𒌋
𒄤,𒀸𒀸𒌋𒀸𒌋𒀹𒀹𒀹𒀹𒀸𒌋;𒀸𒌋𒀸𒁹𒁹𒌋𒀸𒌋𒀸𒌋𒌋𒌋𒌋𒌋𒌋𒌋𒌋𒌋𒌋𒌋;𒀸𒌋𒀸𒁹𒁹𒌋𒀸𒌋𒌋𒌋𒌋𒌋𒌋𒌋𒌋𒌋𒌋𒌋𒀸𒌋;𒀸𒌋𒀸𒌋𒁹𒁹𒀸𒌋𒀸𒌋𒌋𒌋𒌋𒌋𒌋𒌋𒌋𒌋𒌋𒌋;𒀸𒌋𒀸𒌋𒁹𒁹𒀸𒌋𒌋𒌋𒌋𒌋𒌋𒌋𒌋𒌋𒌋𒌋𒀸𒌋
𒄥,𒀸𒀸𒁹𒁹;𒁹𒁹𒀸𒀸;𒁹𒀸𒀸𒁹;𒀸𒁹𒀸𒁹
𒄦,𒁹𒁹𒁹𒁹𒀸𒀸𒀸𒀸𒀹𒍻𒀸𒀸𒀸𒀸𒁹𒀹𒍻𒀸𒁹𒁹𒁹𒁹𒌋;𒁹𒀸𒁹𒀸𒁹𒀸𒁹𒀸𒀹𒍻𒀸𒀸𒀸𒀸𒁹𒀹𒍻𒀸𒁹𒁹𒁹𒁹𒌋;𒁹𒀸𒀸𒀸𒀸𒁹𒀹𒁹𒀹𒀸𒀸𒀸𒀹𒀹𒀹𒀹𒀸𒀸𒁹𒁹𒁹𒁹𒀸𒌋
𒄧,𒀸𒀸𒁹𒀹𒁹𒁹𒀹𒀹𒀹;𒀸𒀸𒁹𒌋𒁹𒌋𒌋𒌋
𒄨,𒀸𒁹𒀸𒁹𒁹;𒀸𒀸𒁹𒁹𒁹𒁹
𒄩,𒁹𒁹𒌋𒁹𒁹𒌋;𒁹𒁹𒁹𒁹𒌋
𒄪,𒀹𒀹𒌋𒀹𒀹𒌋
𒄫,𒀸𒀸𒀸𒁹𒁹𒁹𒁹𒌋;𒀸𒀸𒀸𒀸𒁹𒁹𒌋𒁹𒁹𒌋
𒄬,𒀸𒀸;𒀸𒀹𒍻
𒄭,𒀹𒀹𒀹𒀹;𒍻𒀹𒀹𒍻
𒄮,𒍻𒀹𒀹𒍻𒀸;𒍻𒀹𒀸𒀹𒍻
𒄯,𒀹𒀹𒀹𒀹𒀸𒀸𒀸𒁹;𒀹𒀹𒀹𒀹𒁹𒀸𒀸𒀸;𒍻𒀹𒀸𒀸𒀸𒀸𒁹𒀹𒍻;𒍻𒀹𒀹𒍻𒀸𒀸𒀸𒀸𒁹;𒍻𒀹𒁹𒀸𒀸𒀸𒀸𒀹𒍻;𒍻𒀹𒀹𒍻𒁹𒀸𒀸𒀸𒀸
𒄱,𒍻𒀹𒁹𒀹𒍻;𒍻𒀹𒀹𒍻𒁹
𒄲,𒍻𒀹𒍻𒀹𒁹𒀹𒍻;𒍻𒀹𒀹𒍻𒍻𒀹𒁹
𒄳,𒍻𒀹𒀹𒍻𒀸𒁹𒀸𒀸𒀸𒀸𒁹𒁹𒍻𒌋;𒍻𒀹𒀸𒁹𒀸𒀸𒀸𒀸𒁹𒁹𒍻𒌋𒀹𒍻
𒄴,𒍻𒀹𒀹𒍻𒀸𒁹𒁹𒁹𒁹𒁹;𒍻𒀹𒀸𒁹𒁹𒁹𒁹𒁹𒀹𒍻;𒀹𒀹𒀹𒀹𒀸𒀸𒁹𒁹𒁹
𒄵,𒍻𒀹𒀹𒍻𒌋𒌋𒌋𒌋𒌋𒌋𒌋𒌋𒌋𒌋;𒍻𒀹𒌋𒌋𒌋𒌋𒌋𒌋𒌋𒌋𒌋𒌋𒀹𒍻;𒀹𒀹𒀹𒀹𒀸𒀸𒀸𒀸𒀸𒀸
𒄶,𒍻𒀹𒀹𒍻𒌋;𒍻𒀹𒌋𒀹𒍻
𒄷,𒁹𒀸𒁹𒌋;𒁹𒀸𒌋𒁹;𒀸𒁹𒁹𒌋;𒀸𒁹𒌋𒁹
𒄸,𒀸𒁹𒁹𒀹𒁹𒀹;𒁹𒀸𒁹𒍻𒀹𒌋𒁹
𒄽,𒀸𒁹𒁹𒀹𒀹𒀹𒁹𒁹𒀹;𒁹𒀸𒁹𒍻𒀹𒌋𒁹𒍻𒀹𒀹🝯;𒁹𒀸𒁹𒍻𒀹𒍻𒀹𒀹🝯𒌋𒁹
𒄾,𒁹𒀹𒀸𒌋𒀸𒀸𒀸𒁹𒁹;𒁹𒌋𒀸𒀸𒀸𒀸𒀸𒁹
𒄿,𒀸𒀸𒀸𒀸𒀸
𒅀,𒀸𒀸𒀸𒀸𒀸𒁹𒁹𒁹
𒅁,𒁹𒀸𒀸𒁹𒁹;𒀸𒁹𒀸𒁹𒁹;𒁹𒀸𒀸𒁹𒁹𒁹𒁹𒁹;𒀸𒁹𒀸𒁹𒁹𒁹𒁹𒁹;𒁹𒀸𒁹𒁹𒁹𒁹𒀸𒁹;𒀸𒁹𒁹𒁹𒁹𒁹𒀸𒁹
𒅂,𒀸𒌋;𒀸𒀸
𒅃,𒀸𒀸𒀸𒀸𒀸𒀸𒀸𒀸𒀸𒀸𒁹𒀹🝯
𒅅,𒀸𒁹𒌋𒁹𒀹𒀹;𒁹𒀸𒀸𒀸𒀸𒀸𒁹𒁹𒀸𒌋𒌋;𒁹𒀸𒁹𒀸𒀸𒀸𒀸𒁹𒀸𒌋𒌋
𒅆,𒌋𒁹𒀸
𒅇,𒌋𒁹𒀸𒁹𒀸𒀸𒀸𒀸𒁹𒁹;𒌋𒁹𒀸𒁹𒀸𒀸𒀸𒁹𒀸𒁹;𒌋𒁹𒀸𒁹𒀸𒁹𒀸𒀸𒀸𒁹
𒅈,𒌋𒁹𒀸𒀸𒁹𒁹𒌋𒁹
𒅉,𒌋𒁹𒀸𒀸𒍻𒀹𒀹𒍻𒀸𒍻𒀹𒀹🝯𒌋𒁹𒀸𒀸𒍻𒀹𒀹𒍻𒀸𒍻𒀹𒀹🝯
𒅊,𒀸𒌋𒀸𒀸𒀸𒀸𒁹;𒀸𒀸𒀸𒀸𒌋𒁹𒀸
𒅋,𒀸𒌋𒀸𒀸𒀹𒀹𒁹𒁹;𒀸𒌋𒀸𒌋𒁹𒁹𒁹𒁹𒀹𒍻𒌋𒌋𒌋𒌋𒌋𒁹;𒀸𒌋𒀸𒁹𒁹𒁹𒁹𒌋𒀹𒍻𒌋𒌋𒌋𒌋𒌋𒁹
𒅌,𒀸𒌋𒀸𒁹𒁹𒁹𒁹𒌋𒀹𒀹𒀹𒁹𒁹𒁹𒁹𒁹𒍻𒌋𒌋𒌋𒌋𒌋𒁹;𒀸𒌋𒀸𒌋𒁹𒁹𒁹𒁹𒀹𒀹𒀹𒁹𒁹𒁹𒁹𒁹𒍻𒌋𒌋𒌋𒌋𒌋𒁹
𒅍,𒀸𒀸𒁹𒁹𒁹𒀹𒀹𒁹𒁹𒁹𒀸𒀸𒀸𒀸𒁹;𒀸𒁹𒀸𒀸𒀸𒀸𒀸𒁹𒀹𒍻𒁹𒁹𒁹𒁹𒁹𒁹𒀸𒀸𒀸𒁹;𒁹𒀸𒀸𒀸𒀸𒀸𒀸𒁹𒀹𒍻𒁹𒁹𒁹𒁹𒀸𒁹𒁹𒀸𒀸𒁹
𒅎,𒀹𒀹𒀹𒀹𒀸𒁹𒁹;𒀹𒀹𒀹𒀹𒁹𒁹𒀸;𒍻𒀹𒀹𒍻𒁹𒁹𒍻𒀸;𒍻𒀹𒁹𒀹𒍻𒁹𒍻𒀸
𒅏,𒍻𒀹𒀹𒍻𒁹𒁹𒍻𒀸𒁹𒁹𒀸𒁹𒁹𒁹𒁹𒀹;𒍻𒀹𒁹𒀹𒍻𒁹𒍻𒀸𒁹𒁹𒀸𒁹𒁹𒁹𒁹𒀹
𒅐,𒍻𒀹𒀹𒍻𒁹𒁹𒍻𒀸𒁹𒁹𒍻𒀹𒀹𒍻𒁹𒁹𒍻𒀸𒁹𒁹;𒍻𒀹𒁹𒀹𒍻𒁹𒍻𒀸𒁹𒁹𒍻𒀹𒁹𒀹𒍻𒁹𒍻𒀸𒁹𒁹
𒅒,𒍻𒀹𒀹𒍻𒁹𒁹𒍻𒀸𒁹𒁹𒍻𒀹𒀹𒍻𒁹𒁹𒍻𒀸𒁹𒁹𒍻𒀹𒀹𒍻𒁹𒁹𒍻𒀸𒁹𒁹𒍻𒀹𒀹𒍻𒁹𒁹𒍻𒀸𒁹𒁹;𒍻𒀹𒁹𒀹𒍻𒁹𒍻𒀸𒁹𒁹𒍻𒀹𒁹𒀹𒍻𒁹𒍻𒀸𒁹𒁹𒍻𒀹𒁹𒀹𒍻𒁹𒍻𒀸𒁹𒁹𒍻𒀹𒁹𒀹𒍻𒁹𒍻𒀸𒁹𒁹
𒅓,𒁹𒁹𒁹𒁹𒁹𒁹𒁹
𒅔,𒀸𒀸𒀸𒀸𒀸𒀸𒀸𒁹𒁹𒁹;𒌋𒌋𒌋𒌋𒌋𒌋𒌋𒌋𒌋𒀹𒍻𒁹𒁹;𒌋𒌋𒌋𒌋𒌋𒌋𒌋𒌋𒌋𒀹𒁹𒁹𒍻
𒅕,𒀸𒀸𒁹𒁹𒁹;𒀹𒁹𒁹𒁹𒍻;𒀹𒍻𒁹𒁹𒁹
𒅖,𒀸𒌋𒀸𒁹𒁹;𒀸𒀸𒀸𒀸𒌋𒁹𒁹
𒅗,𒀸𒀸𒀸𒁹𒀸𒀸𒁹;𒍻𒀹𒁹𒀹𒀹𒀹𒀹𒁹𒀸𒀸𒁹
𒅘,𒀸𒀸𒀸𒁹𒀸𒀸𒁹𒁹𒁹𒁹;𒍻𒀹𒁹𒀹𒀹𒀹𒀹𒁹𒀸𒀸𒁹𒁹𒁹𒁹
𒅚,𒀸𒀸𒀸𒁹𒀸𒀸𒀸𒀸𒀸𒀸𒁹𒀸𒁹𒁹𒁹𒁹𒌋𒁹;𒍻𒀹𒁹𒀹𒀹𒀹𒀹𒁹𒀸𒀸𒁹𒀸𒀸𒁹𒁹𒍻𒀹𒍻𒀹𒁹𒍻𒀹𒀹𒀹𒀹𒀹𒀹🝯🝯🝯🝯🝯
𒅛,𒀸𒀸𒀸𒁹𒀸𒀸𒀸𒀸𒁹𒀸𒁹;𒀸𒀸𒀸𒁹𒀸𒀸𒀸𒀸𒀸𒁹𒁹;𒍻𒀹𒁹𒀹𒀹𒀹𒀹𒁹𒀸𒀸𒁹𒀸𒀸𒀸𒀸𒁹
𒅜,𒀸𒀸𒀸𒁹𒀸𒀸𒀸𒌋𒁹;𒍻𒀹𒁹𒀹𒀹𒀹𒀹𒁹𒀸𒀸𒁹𒀸𒍻𒀹
𒅝,𒍻𒀹𒁹𒀹𒀹𒀹𒀹𒁹𒀸𒀸𒁹𒀸𒀸𒀸𒀸𒁹𒀹𒍻𒌋𒌋𒌋𒌋𒀸𒀸𒀸𒀸𒀹🝯
𒅞,𒍻𒀹𒁹𒀹𒀹𒀹𒀹𒁹𒀸𒀸𒁹𒁹𒀸
𒅠,𒍻𒀹𒁹𒀹𒀹𒀹𒀹𒁹𒀸𒀸𒁹𒀹🝯𒀹🝯
𒅡,𒀸𒀸𒀸𒁹𒀸𒀸𒁹𒀸𒀸𒀸𒀸𒁹𒁹;𒍻𒀹𒁹𒀹𒀹𒀹𒀹𒁹𒀸𒀸𒁹𒁹𒀸𒀸𒀸𒀸𒀸𒀸𒀸𒁹
𒅢,𒀸𒀸𒀸𒁹𒀸𒀸𒀸𒀸𒀸𒀸𒁹𒁹;𒍻𒀹𒁹𒀹𒀹𒀹𒀹𒁹𒀸𒀸𒁹𒀸𒁹𒀸𒀸𒀸𒀸𒀸𒁹𒀹𒍻𒁹𒁹𒁹
𒅤,𒀸𒀸𒀸𒁹𒀸𒀸𒀸𒀸𒁹𒁹𒁹𒁹𒁹;𒍻𒀹𒁹𒀹𒀹𒀹𒀹𒁹𒀸𒀸𒁹𒀹𒀹𒁹𒁹𒁹𒁹
𒅥,𒀸𒀸𒀸𒁹𒀸𒀸𒁹𒁹𒁹𒁹𒁹;𒍻𒀹𒁹𒀹𒀹𒀹𒀹𒁹𒀸𒀸𒁹𒁹𒁹𒁹🝯
𒅦,𒍻𒀹𒁹𒀹𒀹𒀹𒀹𒁹𒀸𒀸𒁹𒁹𒁹𒁹🝯🝯𒀹𒀹🝯𒀹🝯𒁹𒁹𒁹
𒅨,𒍻𒀹𒁹𒀹𒀹𒀹𒀹𒁹𒀸𒀸𒁹𒀸𒀹𒍻𒀹𒍻𒁹
𒅪,𒀸𒀸𒀸𒁹𒀸𒀸𒀸𒌋𒀸𒌋𒁹𒁹𒁹;𒍻𒀹𒁹𒀹𒀹𒀹𒀹𒁹𒀸𒀸𒁹𒀹𒀹𒍻𒍻𒀹🝯
𒅫,𒀸𒀸𒀸𒁹𒀸𒀸𒁹𒀹𒀹𒀸𒀹𒀹𒁹;𒍻𒀹𒁹𒀹𒀹𒀹𒀹𒁹𒀸𒀸𒁹𒀹𒍻𒁹𒁹𒀸𒌋𒌋;𒍻𒀹𒁹𒀹𒀹𒀹𒀹𒁹𒀸𒀸𒁹𒀹𒁹𒁹𒍻𒀸𒌋𒌋
𒅬,𒍻𒀹𒁹𒀹𒀹𒀹𒀹𒁹𒀸𒀸𒁹𒀸𒁹𒀸𒁹𒀸𒁹𒁹𒀹𒍻𒀹𒍻𒀸𒀸𒀸𒀸𒁹𒀸𒁹𒁹𒁹𒁹𒌋;𒍻𒀹𒁹𒀹𒀹𒀹𒀹𒁹𒀸𒀸𒁹𒀸𒀸𒀸𒁹𒁹𒁹𒁹𒀹𒍻𒀹𒍻𒀸𒀸𒀸𒀸𒁹𒀸𒁹𒁹𒁹𒁹𒌋
𒅭,𒍻𒀹𒁹𒀹𒀹𒀹𒀹𒁹𒀸𒀸𒁹𒌋𒁹𒀸
𒅮,𒀸𒀸𒀸𒁹𒀸𒀸𒀹𒀹𒀹𒀹𒀸𒁹𒁹𒁹;𒍻𒀹𒁹𒀹𒀹𒀹𒀹𒁹𒀸𒀸𒁹𒍻𒀹𒀹𒍻𒁹𒁹𒍻𒀸;𒍻𒀹𒁹𒀹𒀹𒀹𒀹𒁹𒀸𒀸𒁹𒍻𒀹𒁹𒀹𒍻𒁹𒍻𒀸
𒅯,𒍻𒀹𒁹𒀹𒀹𒀹𒀹𒁹𒀸𒀸𒁹𒀹𒍻𒁹;𒍻𒀹𒁹𒀹𒀹𒀹𒀹𒁹𒀸𒀸𒁹𒀹𒁹𒍻
𒅰,𒍻𒀹𒁹𒀹𒀹𒀹𒀹𒁹𒀸𒀸𒁹🝯𒀹𒀹🝯𒀸𒀸𒀸𒀸;𒍻𒀹𒁹𒀹𒀹𒀹𒀹𒁹𒀸𒀸𒁹🝯𒀹𒀸𒀸𒀸𒀸𒀹🝯
𒅲,𒀸𒀸𒀸𒁹𒀸𒀸𒀸𒀸𒀸𒀸𒀸𒌋𒀸𒀸𒁹𒁹𒁹;𒍻𒀹𒁹𒀹𒀹𒀹𒀹𒁹𒀸𒀸𒁹𒌋𒌋𒌋𒌋𒌋𒌋𒌋𒌋𒌋𒌋𒀸𒀸𒀸𒀸𒀹𒍻𒁹
𒅴,𒀸𒀸𒀸𒁹𒀸𒀸𒁹𒀸𒁹;𒍻𒀹𒁹𒀹𒀹𒀹𒀹𒁹𒀸𒀸𒁹𒁹𒀸
𒅵,𒍻𒀹𒁹𒀹𒀹𒀹𒀹𒁹𒀸𒀸𒁹𒁹𒀸𒀸𒌋𒀸𒀸𒁹;𒍻𒀹𒁹𒀹𒀹𒀹𒀹𒁹𒀸𒀸𒁹𒁹𒀸𒀹𒌋𒀸𒀸𒁹
𒅶,𒍻𒀹𒁹𒀹𒀹𒀹𒀹𒁹𒀸𒀸𒁹𒁹𒀸𒀸𒁹𒀹𒀹𒀹𒀹𒀹𒍻𒍻;𒍻𒀹𒁹𒀹𒀹𒀹𒀹𒁹𒀸𒀸𒁹𒁹𒀸𒁹𒀹𒀸𒀹𒀹𒀹𒀹𒍻𒍻
𒅷,𒍻𒀹𒁹𒀹𒀹𒀹𒀹𒁹𒀸𒀸𒁹𒁹𒀸𒍻𒀹𒁹𒀹𒍻𒁹;𒍻𒀹𒁹𒀹𒀹𒀹𒀹𒁹𒀸𒀸𒁹𒁹𒀸𒍻𒀹𒀹𒍻𒁹𒁹
𒅸,𒀸𒀸𒀸𒁹𒀸𒀸𒌋𒀸𒀸𒀸𒀸𒁹;𒍻𒀹𒁹𒀹𒀹𒀹𒀹𒁹𒀸𒀸𒁹𒌋𒀸𒀸𒀸𒀸𒀸𒀸𒀸
𒅺,𒀸𒀸𒀸𒁹𒀸𒀸𒀸𒀸𒀹𒀹𒀹𒀹𒀸𒀸𒁹𒁹;𒍻𒀹𒁹𒀹𒀹𒀹𒀹𒁹𒀸𒀸𒁹𒀸𒀸𒀹𒀹𒀹𒀹𒀸𒀸𒁹
𒅻,𒀸𒀸𒀸𒁹𒀸𒀸𒀸𒁹𒁹𒁹𒁹𒁹;𒍻𒀹𒁹𒀹𒀹𒀹𒀹𒁹𒀸𒀸𒁹𒀸𒁹𒁹𒁹𒁹𒁹
𒅼,𒀸𒀸𒀸𒁹𒀸𒀸𒁹𒀹𒀹𒀸𒁹;𒍻𒀹𒁹𒀹𒀹𒀹𒀹𒁹𒀸𒀸𒁹𒌋𒌋𒁹𒀸
𒅽,𒍻𒀹𒁹𒀹𒀹𒀹𒀹𒁹𒀸𒀸𒁹𒀸𒀹𒀹🝯🝯𒀸;𒍻𒀹𒁹𒀹𒀹𒀹𒀹𒁹𒀸𒀸𒁹𒀸𒀹🝯𒀹🝯𒀸
𒅾,𒀸𒀸𒀸𒁹𒀸𒀸𒀸𒀸𒁹𒁹𒁹𒁹;𒍻𒀹𒁹𒀹𒀹𒀹𒀹𒁹𒀸𒀸𒁹𒁹𒀸𒁹𒀸𒁹𒀸𒁹𒀸;𒍻𒀹𒁹𒀹𒀹𒀹𒀹𒁹𒀸𒀸𒁹𒁹𒀸𒀸𒀸𒀸𒁹𒁹𒁹𒁹
𒅿,𒍻𒀹𒁹𒀹𒀹𒀹𒀹𒁹𒀸𒀸𒁹𒌋𒌋𒌋𒌋𒌋𒌋𒌋𒌋𒌋𒁹𒀸𒀸𒁹;𒍻𒀹𒁹𒀹𒀹𒀹𒀹𒁹𒀸𒀸𒁹𒌋𒌋𒌋𒌋𒌋𒌋𒌋𒌋𒌋𒀸𒁹𒀸𒁹
𒆀,𒍻𒀹𒁹𒀹𒀹𒀹𒀹𒁹𒀸𒀸𒁹𒀸𒀸𒀸𒀸𒀹𒍻𒁹
𒆁,𒀸𒀸𒀸𒁹𒀸𒀸𒀹𒀹𒀹𒀹𒁹;𒍻𒀹𒁹𒀹𒀹𒀹𒀹𒁹𒀸𒀸𒁹𒌋𒌋𒌋𒌋𒌋𒌋𒌋𒌋𒌋𒌋
𒆂,𒀸𒀸𒀸𒁹𒀸𒀸𒀸𒀸𒁹𒀸𒁹𒁹𒁹;𒀸𒀸𒀸𒁹𒀸𒀸𒀸𒀸𒀸𒁹𒁹𒁹𒁹;𒍻𒀹𒁹𒀹𒀹𒀹𒀹𒁹𒀸𒀸𒁹𒀸𒀸𒀸𒀸𒁹𒁹𒀸𒁹
𒆃,𒀸𒀸𒀸𒁹𒀸𒀸𒀸𒀸𒀸𒀸𒁹𒁹;𒍻𒀹𒁹𒀹𒀹𒀹𒀹𒁹𒀸𒀸𒁹𒀸𒀸𒀸𒀸𒀸𒁹
𒆄,𒍻𒀹𒁹𒀹𒀹𒀹𒀹𒁹𒀸𒀸𒁹🝯𒀹𒀹🝯
𒆇,𒍻𒀹𒁹𒀹𒀹𒀹𒀹𒁹𒀸𒀸𒁹𒌋
𒆈,𒍻𒀹𒁹𒀹𒀹𒀹𒀹𒁹𒀸𒀸𒁹𒀸𒀸𒁹𒁹𒁹𒁹
𒆉,𒀸𒀸𒀸𒁹𒀸𒀸𒀹𒀹𒁹𒁹;𒍻𒀹𒁹𒀹𒀹𒀹𒀹𒁹𒀸𒀸𒁹𒍻𒀹𒀹🝯
𒆋,𒍻𒀹𒁹𒀹𒀹𒀹𒀹𒁹𒀸𒀸𒁹𒀸𒁹𒀸𒌋𒁹𒁹;𒍻𒀹𒁹𒀹𒀹𒀹𒀹𒁹𒀸𒀸𒁹𒀸𒁹𒀸𒁹𒁹𒌋
𒆍,𒀸𒀸𒀸𒀸𒁹𒁹𒁹;𒁹𒀸𒁹𒀸𒁹𒀸𒁹𒀸𒌋𒌋𒌋𒌋𒁹;𒀸𒁹𒀸𒁹𒀸𒁹𒀸𒁹𒌋𒌋𒌋𒌋𒁹
𒆏,𒀸𒁹𒀹𒁹𒀹;𒀸𒁹𒁹𒀹𒀹;𒀸𒀸𒀸𒀸𒀸𒀸𒀸𒁹𒀸𒌋𒁹;𒀸𒁹𒀸𒀸𒀸𒀸𒀸𒀸𒀸𒌋𒁹
𒆐,𒀸𒁹𒀹𒀹;𒀸𒀹𒁹𒀹;𒀸𒁹𒀹𒌋;𒀸𒀹𒁹𒌋
𒆑,𒀸𒀹𒁹𒀹𒁹𒀹𒁹𒀹;𒀸𒀹𒁹𒌋𒁹𒌋𒁹𒌋
𒆒,𒀸𒀸𒀸𒀸𒁹𒀸𒀹𒁹𒀹;𒀸𒀸𒀸𒀸𒀸𒁹𒀹𒍻𒁹𒀸
𒆓,𒀸𒀸𒀸𒀸𒁹𒀸𒀹𒁹𒀹𒁹𒀹𒁹𒀹;𒀸𒀸𒀸𒀸𒀸𒁹𒀹𒍻𒁹𒀸𒀹𒀹𒀹𒀹𒀹𒀹𒌋𒌋𒁹
𒆕,𒀸𒀸𒁹;𒀹𒍻𒁹;𒀹𒁹𒍻
𒆗,𒀸𒀸𒁹𒁹𒁹𒁹;𒁹𒀸𒀸𒁹𒀹🝯;𒁹𒀸𒀸𒁹𒁹𒁹
𒆘,𒀸𒀸𒁹𒁹𒀸𒌋𒁹𒁹;𒁹𒀸𒀸𒁹𒀹🝯𒀸𒍻𒀹;𒁹𒀸𒀸𒁹𒁹𒁹𒀸𒍻𒀹
𒆙,𒁹𒀸𒀸𒁹𒀹🝯𒁹𒀸𒀸𒁹𒀹🝯;𒁹𒀸𒀸𒁹𒁹𒁹𒁹𒀸𒀸𒁹𒁹𒁹
𒆚,𒀸𒀸𒀸𒀸𒀸𒀸;𒀹𒀹𒀹𒀹𒀹𒀹
𒆛,𒀸𒀹𒌋𒀸𒌋𒀸𒀸𒀸𒀸𒀹𒀹𒀹𒀹;𒀸𒌋𒍻𒀹𒀸𒌋𒍻𒀹𒀸𒀹𒍻𒀹𒍻;𒀸𒌋𒍻𒀹𒀸𒍻𒀹𒀸𒀹𒍻𒀹𒍻
𒆜,𒀸𒀸𒀹𒀹;𒀸𒀹𒀹𒀸;𒀹𒀹𒍻𒍻;𒀹𒍻𒀹𒍻
𒆝,𒀸𒀸𒀹𒀹𒀸𒁹𒀸𒌋𒁹;𒀸𒀹𒀹𒀸𒀸𒁹𒀸𒌋𒁹;𒀹𒀹𒍻𒍻𒀸𒁹𒀸𒌋𒁹;𒀹𒍻𒀹𒍻𒀸𒁹𒀸𒌋𒁹
𒆞,𒀸𒀸𒀹𒀹𒀸𒁹𒀸𒌋𒁹𒀸𒁹𒀸𒌋𒁹;𒀸𒀹𒀹𒀸𒀸𒁹𒀸𒌋𒁹𒀸𒁹𒀸𒌋𒁹;𒀹𒀹𒍻𒍻𒀸𒁹𒀸𒌋𒁹𒀸𒁹𒀸𒌋𒁹;𒀹𒍻𒀹𒍻𒀸𒁹𒀸𒌋𒁹𒀸𒁹𒀸𒌋𒁹
𒆟,𒀸𒀸𒀸𒀸𒀸𒁹𒀸𒀸𒁹;𒀸𒁹𒁹𒁹𒁹𒁹𒀸𒁹𒀸𒀸𒀸𒀸𒀸𒀸𒀸𒀸𒀸𒀸𒀸𒀸𒁹𒀸𒁹𒁹𒁹𒁹𒀸𒁹
𒆠,🝯𒀹𒀸𒀸𒀸𒀸𒀹🝯;𒌋𒁹𒀸𒀸𒀸𒀸𒁹
𒆡,🝯𒀹𒀸𒀸𒀸𒀸𒀸𒍻𒀹𒀹🝯
𒆢,🝯𒀹𒌋𒀸𒀸𒀸𒀸𒀹🝯;𒌋𒁹𒀸𒀸𒀸𒀸𒌋𒁹
𒆣,🝯𒀹𒍻𒀹𒀹🝯𒀸𒀸𒀸𒀸𒀹🝯;𒌋𒁹𒀸𒀸𒀸𒌋𒀸𒌋𒁹𒁹
𒆤,𒀸𒀸𒁹𒁹𒁹;𒀸𒀸𒀸𒀸𒁹𒁹𒁹𒁹𒁹𒁹
𒆥,𒁹𒀸𒀸𒀸𒀸𒁹𒀹𒁹𒀹;𒀸𒁹𒀸𒀸𒀸𒀸𒁹𒁹𒍻𒌋
𒆦,𒀸𒀸𒁹𒁹𒀸𒀸𒁹;𒀸𒀸𒀸𒀸𒁹
𒆧,𒌋𒀸𒀸𒌋𒌋𒌋;𒌋𒀸𒌋𒌋𒌋𒀸;𒀹𒍻𒀹𒍻𒁹𒀸𒀸𒀸𒀹𒀸𒀸𒀸𒀸𒁹𒀹𒀹𒍻
𒆨,𒌋𒀹𒍻𒌋
𒆩,𒌋𒀹𒍻𒌋𒌋𒀹𒍻𒌋
𒆪,𒁹𒀸𒀸𒀸𒀸𒁹;𒀸𒁹𒀸𒀸𒁹
𒆫,𒀸𒁹𒀸𒀸𒁹𒍻𒀹𒀸𒀸𒀸𒁹𒀹𒍻𒀸𒁹𒀸𒀸𒁹𒍻𒀹𒀸𒀸𒀸𒁹𒀹𒍻
𒆬,𒌋𒁹𒁹𒁹𒁹;𒍻𒀹𒀹𒀹𒀹𒀹𒀹𒍻𒀹🝯🝯🝯🝯🝯
𒆭,𒀸𒀸𒀸𒀸𒀸𒀸𒀸𒁹;𒌋𒌋𒌋𒌋𒌋𒌋𒌋𒌋𒌋𒌋𒀸𒀸𒀸𒀸𒀸𒁹
𒆯,𒀸𒌋𒀸𒁹;𒀸𒍻𒀸𒀹𒁹𒁹;𒀸𒀸𒍻𒀹𒁹𒁹
𒆰,𒀸𒌋𒀹𒀹;𒀸𒌋𒀸𒌋𒌋
𒆱,𒀸𒁹𒁹𒁹𒁹𒌋𒀸𒌋𒌋;𒀸𒌋𒁹𒁹𒁹𒁹𒀸𒌋𒌋
𒆲,𒀸𒁹𒀹𒀹𒀹𒀹𒀸𒀸𒁹𒁹𒁹;𒁹𒀸𒍻𒀹𒀸𒁹𒁹𒁹𒁹𒀹𒍻
𒆳,𒀹𒀹𒀹
𒆴,𒀹𒀹𒀹🝯🝯🝯
𒆵,𒁹𒀹𒀹𒀸𒌋𒁹;𒁹𒀹𒀸𒍻𒌋𒁹;𒁹𒀹𒍻𒀸𒌋𒁹
𒆷,𒀸𒀸𒀸𒀸𒁹;𒀸𒀸𒁹𒁹𒁹𒁹𒀸𒀸𒀸𒀸𒀸𒁹
𒆸,𒁹𒀸𒀸𒁹;𒀸𒁹𒀸𒁹
𒆹,𒁹𒀸𒀸𒁹𒁹𒁹𒁹;𒀸𒁹𒀸𒁹𒁹𒁹𒁹
𒆺,𒀸𒁹𒀸𒁹𒁹𒁹𒁹𒀸𒀸𒀸𒀸𒀸𒀸𒀸𒁹𒀸𒌋𒁹𒁹𒁹𒌋𒁹𒁹𒌋
𒆻,𒀸𒁹𒀸𒁹𒁹𒁹𒁹𒁹𒁹𒁹🝯
𒆼,𒀸𒁹𒀸𒁹𒁹𒁹𒁹𒁹𒀸;𒁹𒀸𒀸𒁹𒁹𒁹𒁹𒀸𒁹
𒆽,𒀸𒁹𒀸𒁹𒀸𒁹𒁹𒀸𒁹𒁹𒀹𒍻𒁹;𒀸𒁹𒀸𒁹𒀸𒁹𒁹𒀸𒁹𒍻𒁹𒀹𒁹
𒆾,𒀸𒁹𒀸𒁹𒁹𒀹𒀸𒍻;𒀸𒁹𒀸𒁹𒀸𒁹𒀹𒍻;𒀸𒁹𒀸𒁹𒁹𒀸𒀹𒍻
𒆿,𒀸𒁹𒀸𒁹𒀹
𒇀,𒀸𒁹𒀸𒁹𒀸𒍻𒀹;𒁹𒀸𒀸𒀸𒌋𒁹;𒁹𒀸𒀸𒌋𒀸𒁹
𒇁,𒀸𒁹𒀸𒁹𒀸𒀸𒁹𒁹𒁹𒁹𒀹𒍻
𒇂,𒀸𒁹𒀸𒁹𒀸𒁹𒀹𒀸𒀸𒀸𒀸𒀸𒁹;𒀸𒁹𒀸𒁹𒁹𒀸𒀹𒀸𒀸𒀸𒀸𒀸𒁹
𒇃,𒀸𒁹𒀸𒁹𒀸𒁹𒁹𒌋𒀸𒀸𒀸𒀸𒁹𒌋
𒇄,𒀸𒁹𒀸𒁹𒁹𒀸𒀸𒀸𒀸𒀸𒀸𒁹𒀹𒍻𒁹𒁹𒁹
𒇅,𒀸𒁹𒀸𒁹𒁹𒁹𒁹🝯;𒁹𒀸𒀸𒁹𒁹𒁹𒁹𒁹
𒇆,𒀸𒁹𒀸𒁹𒀸𒀸𒁹𒀹𒍻;𒁹𒀸𒀸𒀸𒀸𒁹𒀹𒀹𒁹
𒇇,𒀸𒁹𒀸𒁹𒀸𒀸𒁹𒀹𒍻𒀸𒀸𒁹𒀹𒍻;𒁹𒀸𒀸𒀸𒀸𒀸𒀸𒀸𒁹𒁹𒁹𒀹𒀹𒀹𒀹
𒇈,𒀸𒁹𒀸𒁹𒁹𒁹𒌋𒁹𒁹𒌋
𒇉,𒀸𒁹𒀸𒁹𒀸𒀹𒍻;𒁹𒀸𒀸𒀸𒀸𒁹
𒇊,𒀸𒁹𒀸𒁹𒍻𒀹𒀸𒁹𒁹𒁹𒁹𒁹𒀹𒍻
𒇋,𒀸𒁹𒀸𒁹𒀸𒀸𒀸𒀸𒌋𒁹𒀸;𒁹𒀸𒀸𒀸𒌋𒀸𒀸𒀸𒀸𒁹𒁹
𒇌,𒀸𒁹𒀸𒁹𒍻𒀹𒁹𒀹𒍻𒁹𒍻𒀸;𒀸𒁹𒀸𒁹𒍻𒀹𒀹𒍻𒁹𒁹𒍻𒀸;𒁹𒀸𒀸𒀸𒀹𒀹𒀹𒀹𒀸𒁹𒁹
𒇏,𒀸𒁹𒀸𒁹🝯𒀹𒀹🝯𒀸𒀸𒀸𒀸;𒀸𒁹𒀸𒁹🝯𒀹𒀸𒀸𒀸𒀸𒀹🝯
𒇐,𒀸𒁹𒀸𒁹𒁹𒀸𒀸𒀸𒀸𒀸𒁹𒍻𒌋
𒇑,𒀸𒁹𒀸𒁹𒍻𒀹𒀹𒀹𒀹𒀹𒀹𒍻𒀹🝯🝯🝯🝯🝯;𒁹𒀸𒀸𒌋𒁹𒁹𒁹𒁹𒁹
𒇒,𒀸𒁹𒀸𒁹𒀸𒌋𒀸𒌋𒌋;𒁹𒀸𒀸𒀸𒌋𒀹𒀹𒁹
𒇓,𒀸𒁹𒀸𒁹𒀸𒌋𒀸𒌋𒌋𒍻𒀹𒀹𒍻𒁹𒁹𒁹
𒇔,𒀸𒁹𒀸𒁹𒀸𒁹𒀸𒁹
𒇕,𒀸𒁹𒀸𒁹𒀹𒁹
𒇖,𒀸𒁹𒀸𒁹𒀸𒁹𒀸𒁹𒀸𒁹
𒇗,𒀸𒁹𒀸𒁹𒍻𒀹𒀹𒍻𒀹𒍻𒁹𒀹𒀹𒁹𒀹𒍻🝯
𒇘,𒀸𒁹𒀸𒁹𒁹𒀸
𒇙,𒀸𒁹𒀸𒁹𒁹𒀸𒀸𒁹𒁹𒌋𒀸𒀸𒀸𒀸𒁹𒌋;𒁹𒀸𒀸𒁹𒀸𒀸𒁹𒀹𒁹𒀹𒁹
𒇚,𒀸𒁹𒀸𒁹𒀹𒍻𒀹𒍻𒀸𒁹𒁹𒁹𒁹𒌋
𒇛,𒀸𒁹𒀸𒁹𒀸𒀸𒀹𒀹𒀹𒀹𒀸𒀸𒁹
𒇜,𒀸𒁹𒀸𒁹𒌋𒌋𒌋𒌋𒌋𒌋𒌋𒌋𒌋𒌋𒌋𒌋𒌋𒌋𒌋𒌋𒌋𒌋𒌋𒌋
𒇝,𒀸𒁹𒀸𒁹𒀹𒍻𒁹𒀸𒀸𒁹𒀹🝯𒀹🝯;𒀸𒁹𒀸𒁹𒀹𒁹𒍻𒀸𒀸𒁹𒀹🝯𒀹🝯
𒇞,𒀸𒁹𒀸𒁹𒀹𒁹𒀸𒁹𒁹𒁹𒀸𒀸𒁹
𒇟,𒀸𒁹𒀸𒁹𒁹𒌋
𒇠,𒀸𒁹𒀸𒁹𒁹𒌋𒁹𒌋
𒇡,𒀸𒁹𒀸𒁹𒌋𒌋𒌋𒌋𒌋𒌋𒌋𒌋𒌋𒌋;𒁹𒀸𒀸𒀸𒀸𒀸𒀸𒀸𒁹𒁹𒁹
𒇣,𒀸𒁹𒀸𒁹𒁹𒁹𒀸𒁹𒁹𒁹𒁹𒀹;𒀸𒁹𒀸𒁹𒁹𒁹𒁹𒁹𒁹𒀸𒁹𒀹
𒇤,𒀸𒁹𒀸𒁹𒍻𒀹𒀹𒍻𒁹𒁹𒁹𒁹𒁹𒍻𒀸𒀸𒁹𒁹𒁹𒁹𒀹𒁹𒌋𒍻𒀹𒀹🝯𒀸𒀸𒀸𒀸;𒀸𒁹𒀸𒁹𒍻𒀹𒁹𒀹𒍻𒁹𒁹𒁹𒁹𒍻𒀸𒀸𒁹𒁹𒁹𒁹𒀹𒁹𒌋𒍻𒀹𒀸𒀸𒀸𒀸𒀹🝯
𒇥,𒀸𒁹𒀸𒁹𒌋;𒁹𒀸𒀸𒌋𒁹
𒇦,𒀸𒁹𒀸𒁹𒌋𒁹𒁹𒁹;𒁹𒀸𒀸𒌋𒁹𒁹𒁹𒁹
𒇧,𒀸𒁹𒀸𒁹𒌋𒌋𒌋;𒁹𒀸𒀸𒌋𒌋𒌋𒁹
𒇨,𒀸𒁹𒀸𒁹𒀸𒀸𒁹𒁹𒁹𒁹𒀸
𒇩,𒀸𒁹𒀸𒁹𒍻𒀹𒀹🝯
𒇪,𒀸𒁹𒀸𒁹𒀸𒀸𒁹𒁹𒌋𒁹;𒀸𒁹𒀸𒁹𒀸𒀸𒌋𒁹𒁹𒁹
𒇫,𒀸𒁹𒀸𒁹𒀸𒁹𒀸𒁹𒀸𒁹𒀸𒁹𒀸𒁹𒀸𒁹
𒇬,𒍻𒀹𒁹𒁹;𒌋𒀸𒁹𒁹
𒇭,𒍻𒀹𒁹𒁹𒌋𒌋𒌋𒌋𒌋𒌋𒌋𒌋𒌋𒌋;𒌋𒀸𒁹𒀹𒀹𒀹𒀹𒁹
𒇮,𒍻𒀹𒁹𒁹𒌋𒌋𒌋𒌋𒌋𒌋𒌋𒌋𒌋𒌋𒌋𒌋𒌋𒌋𒌋𒌋𒌋𒌋𒌋𒌋
𒇯,𒍻𒀹𒁹𒁹𒀹𒀹𒀹𒀹;𒍻𒀹𒁹𒀹𒀹𒀹𒀹𒁹;𒌋𒀸𒁹𒀸𒀸𒀸𒁹
𒇰,𒍻𒀹𒁹𒁹𒀹𒀹𒀹𒀹𒍻𒀹𒁹𒁹𒀹𒀹𒀹𒀹𒌋𒌋𒌋𒌋𒌋𒌋𒌋𒌋𒌋𒌋;𒍻𒀹𒁹𒀹𒀹𒀹𒀹𒁹𒍻𒀹𒁹𒀹𒀹𒀹𒀹𒁹𒌋𒌋𒌋𒌋𒌋𒌋𒌋𒌋𒌋𒌋;𒍻𒀹𒁹𒁹𒀹𒀹𒀹𒀹𒌋𒌋𒌋𒌋𒌋𒍻𒀹𒁹𒁹𒀹𒀹𒀹𒀹𒌋𒌋𒌋𒌋𒌋;𒍻𒀹𒁹𒀹𒀹𒀹𒀹𒁹𒌋𒌋𒌋𒌋𒌋𒍻𒀹𒁹𒀹𒀹𒀹𒀹𒁹𒌋𒌋𒌋𒌋𒌋
𒇲,𒁹𒀸
𒇳,𒁹𒀸𒁹𒀸;𒁹𒁹𒀸𒀸
𒇴,𒀹𒀹𒁹𒁹𒁹𒁹𒍻𒍻𒁹;𒌋𒀸𒌋𒀸𒁹𒁹
𒇵,𒀹𒀹𒁹𒁹𒁹𒁹𒍻𒍻𒀹𒀹𒀹𒁹;𒌋𒀸𒌋𒀸𒁹𒀹𒀹𒀹𒁹
𒇷,𒌋𒌋𒌋𒌋𒌋𒌋𒌋𒌋𒌋𒌋𒀸𒀹𒍻𒁹;𒀸𒀸𒀸𒀸𒀸𒌋𒀸𒀸𒁹𒁹
𒇸,𒀸𒀸𒌋𒌋𒌋𒌋𒌋𒌋𒌋𒌋𒌋𒌋𒀹𒍻𒌋;𒀸𒀸𒀸𒌋𒀹𒀹𒀹𒀹𒀹𒍻𒌋
𒇹,𒀸𒀸𒀸𒀸
𒇺,𒀹𒁹
𒇻,𒀸𒁹𒀸𒁹𒀸𒁹;𒀸𒁹𒀸𒁹𒁹𒀸;𒁹𒀸𒀸𒀸𒀸𒁹𒁹
𒇼,𒀸𒁹𒀸𒁹𒀸𒁹𒀸𒍻𒀹;𒀸𒁹𒀸𒁹𒁹𒀸𒀸𒍻𒀹
𒇽,𒁹𒀹𒀹𒍻𒀹𒁹𒁹𒁹;𒁹𒍻𒀹𒀹𒀹𒁹𒁹𒁹;𒁹𒀹𒀹𒍻𒁹𒁹𒁹𒀹;𒁹𒍻𒀹𒀹𒁹𒁹𒁹𒀹;𒀸𒀸𒀸𒀸𒀸𒀸𒀸𒁹𒁹𒁹
𒇾,𒁹𒍻𒀹𒀹𒁹𒁹𒁹𒀹𒀸𒁹𒁹𒀸𒁹𒁹𒀹𒍻;𒁹𒀹𒀹𒍻𒀹𒁹𒁹𒁹𒀸𒁹𒁹𒀸𒁹𒁹𒀹𒍻;𒁹𒍻𒀹𒀹𒀹𒁹𒁹𒁹𒀸𒁹𒁹𒀸𒁹𒁹𒀹𒍻;𒁹𒀹𒀹𒍻𒁹𒁹𒁹𒀹𒀸𒁹𒁹𒀸𒁹𒁹𒀹𒍻
𒇿,𒁹𒍻𒀹𒀹𒁹𒁹𒁹𒀹𒀸𒍻𒀹;𒁹𒀹𒀹𒍻𒀹𒁹𒁹𒁹𒀸𒍻𒀹;𒁹𒍻𒀹𒀹𒀹𒁹𒁹𒁹𒀸𒍻𒀹;𒁹𒀹𒀹𒍻𒁹𒁹𒁹𒀹𒀸𒍻𒀹
𒈀,𒁹𒍻𒀹𒀹𒁹𒁹𒁹𒀹𒁹𒀸𒀸𒀸𒀸𒀸𒀸𒁹;𒁹𒀹𒀹𒍻𒀹𒁹𒁹𒁹𒁹𒀸𒀸𒀸𒀸𒀸𒀸𒁹;𒁹𒍻𒀹𒀹𒀹𒁹𒁹𒁹𒁹𒀸𒀸𒀸𒀸𒀸𒀸𒁹;𒁹𒀹𒀹𒍻𒁹𒁹𒁹𒀹𒁹𒀸𒀸𒀸𒀸𒀸𒀸𒁹
𒈁,𒁹𒍻𒀹𒀹𒁹𒁹𒁹𒀹𒁹𒀸𒀸𒀸𒀸𒀸𒀸𒁹;𒁹𒀹𒀹𒍻𒀹𒁹𒁹𒁹𒁹𒀸𒀸𒀸𒀸𒀸𒀸𒁹;𒁹𒍻𒀹𒀹𒀹𒁹𒁹𒁹𒁹𒀸𒀸𒀸𒀸𒀸𒀸𒁹;𒁹𒀹𒀹𒍻𒁹𒁹𒁹𒀹𒁹𒀸𒀸𒀸𒀸𒀸𒀸𒁹
𒈂,𒁹𒍻𒀹𒀹𒁹𒁹𒁹𒀹𒀹𒀹𒁹𒁹𒁹𒁹𒁹;𒁹𒀹𒀹𒍻𒀹𒁹𒁹𒁹𒀹𒀹𒁹𒁹𒁹𒁹𒁹;𒁹𒍻𒀹𒀹𒀹𒁹𒁹𒁹𒀹𒀹𒁹𒁹𒁹𒁹𒁹;𒁹𒀹𒀹𒍻𒁹𒁹𒁹𒀹𒀹𒀹𒁹𒁹𒁹𒁹𒁹
𒈃,𒁹𒍻𒀹𒀹𒁹𒁹𒁹𒀹𒍻𒀹𒀹𒍻𒀸𒌋;𒁹𒀹𒀹𒍻𒀹𒁹𒁹𒁹𒍻𒀹𒀹𒍻𒀸𒌋;𒁹𒍻𒀹𒀹𒀹𒁹𒁹𒁹𒍻𒀹𒀹𒍻𒀸𒌋;𒁹𒀹𒀹𒍻𒁹𒁹𒁹𒀹𒍻𒀹𒀹𒍻𒀸𒌋;𒁹𒍻𒀹𒀹𒁹𒁹𒁹𒀹𒍻𒀹𒀸𒌋𒀹𒍻;𒁹𒀹𒀹𒍻𒀹𒁹𒁹𒁹𒍻𒀹𒀸𒌋𒀹𒍻;𒁹𒍻𒀹𒀹𒀹𒁹𒁹𒁹𒍻𒀹𒀸𒌋𒀹𒍻;𒁹𒀹𒀹𒍻𒁹𒁹𒁹𒀹𒍻𒀹𒀸𒌋𒀹𒍻
𒈄,𒁹𒍻𒀹𒀹𒁹𒁹𒁹𒀹𒍻𒀹𒁹𒀹𒍻𒁹𒍻𒀸;𒁹𒀹𒀹𒍻𒀹𒁹𒁹𒁹𒍻𒀹𒁹𒀹𒍻𒁹𒍻𒀸;𒁹𒍻𒀹𒀹𒀹𒁹𒁹𒁹𒍻𒀹𒁹𒀹𒍻𒁹𒍻𒀸;𒁹𒀹𒀹𒍻𒁹𒁹𒁹𒀹𒍻𒀹𒁹𒀹𒍻𒁹𒍻𒀸;𒁹𒍻𒀹𒀹𒁹𒁹𒁹𒀹𒍻𒀹𒀹𒍻𒁹𒁹𒍻𒀸;𒁹𒀹𒀹𒍻𒀹𒁹𒁹𒁹𒍻𒀹𒀹𒍻𒁹𒁹𒍻𒀸;𒁹𒍻𒀹𒀹𒀹𒁹𒁹𒁹𒍻𒀹𒀹𒍻𒁹𒁹𒍻𒀸;𒁹𒀹𒀹𒍻𒁹𒁹𒁹𒀹𒍻𒀹𒀹𒍻𒁹𒁹𒍻𒀸
𒈅,𒁹𒍻𒀹𒀹𒁹𒁹𒁹𒀹𒀹𒀸𒁹𒌋;𒁹𒀹𒀹𒍻𒀹𒁹𒁹𒁹𒀹𒀸𒁹𒌋;𒁹𒍻𒀹𒀹𒀹𒁹𒁹𒁹𒀹𒀸𒁹𒌋;𒁹𒀹𒀹𒍻𒁹𒁹𒁹𒀹𒀹𒀸𒁹𒌋
𒈆,𒁹𒍻𒀹𒀹𒁹𒁹𒁹𒀹𒀹𒀸𒁹𒌋𒁹𒌋𒁹𒌋;𒁹𒀹𒀹𒍻𒀹𒁹𒁹𒁹𒀹𒀸𒁹𒌋𒁹𒌋𒁹𒌋;𒁹𒍻𒀹𒀹𒀹𒁹𒁹𒁹𒀹𒀸𒁹𒌋𒁹𒌋𒁹𒌋;𒁹𒀹𒀹𒍻𒁹𒁹𒁹𒀹𒀹𒀸𒁹𒌋𒁹𒌋𒁹𒌋
𒈈,𒁹𒍻𒀹𒀹𒁹𒁹𒁹𒀹🝯𒀹𒀹🝯𒀸𒀸𒀸𒀸;𒁹𒀹𒀹𒍻𒀹𒁹𒁹𒁹🝯𒀹𒀹🝯𒀸𒀸𒀸𒀸;𒁹𒍻𒀹𒀹𒀹𒁹𒁹𒁹🝯𒀹𒀹🝯𒀸𒀸𒀸𒀸;𒁹𒀹𒀹𒍻𒁹𒁹𒁹𒀹🝯𒀹𒀹🝯𒀸𒀸𒀸𒀸;𒁹𒍻𒀹𒀹𒁹𒁹𒁹𒀹🝯𒀹𒀸𒀸𒀸𒀸𒀹🝯;𒁹𒀹𒀹𒍻𒀹𒁹𒁹𒁹🝯𒀹𒀸𒀸𒀸𒀸𒀹🝯;𒁹𒍻𒀹𒀹𒀹𒁹𒁹𒁹🝯𒀹𒀸𒀸𒀸𒀸𒀹🝯;𒁹𒀹𒀹𒍻𒁹𒁹𒁹𒀹🝯𒀹𒀸𒀸𒀸𒀸𒀹🝯
𒈊,𒁹𒍻𒀹𒀹𒁹𒁹𒁹𒀹𒀸𒁹𒀸𒁹;𒁹𒀹𒀹𒍻𒀹𒁹𒁹𒁹𒀸𒁹𒀸𒁹;𒁹𒍻𒀹𒀹𒀹𒁹𒁹𒁹𒀸𒁹𒀸𒁹;𒁹𒀹𒀹𒍻𒁹𒁹𒁹𒀹𒀸𒁹𒀸𒁹
𒈋,𒁹𒍻𒀹𒀹𒁹𒁹𒁹𒀹𒁹𒀸𒀸𒁹𒁹𒌋𒀸𒀸𒀸𒀸𒁹𒌋;𒁹𒀹𒀹𒍻𒀹𒁹𒁹𒁹𒁹𒀸𒀸𒁹𒁹𒌋𒀸𒀸𒀸𒀸𒁹𒌋;𒁹𒍻𒀹𒀹𒀹𒁹𒁹𒁹𒁹𒀸𒀸𒁹𒁹𒌋𒀸𒀸𒀸𒀸𒁹𒌋;𒁹𒀹𒀹𒍻𒁹𒁹𒁹𒀹𒁹𒀸𒀸𒁹𒁹𒌋𒀸𒀸𒀸𒀸𒁹𒌋
𒈌,𒁹𒍻𒀹𒀹𒁹𒁹𒁹𒀹𒀸𒀸𒀹𒀹𒀹𒀹𒀸𒀸𒁹;𒁹𒀹𒀹𒍻𒀹𒁹𒁹𒁹𒀸𒀸𒀹𒀹𒀹𒀹𒀸𒀸𒁹;𒁹𒍻𒀹𒀹𒀹𒁹𒁹𒁹𒀸𒀸𒀹𒀹𒀹𒀹𒀸𒀸𒁹;𒁹𒀹𒀹𒍻𒁹𒁹𒁹𒀹𒀸𒀸𒀹𒀹𒀹𒀹𒀸𒀸𒁹
𒈏,𒁹𒍻𒀹𒀹𒁹𒁹𒁹𒀹𒀸𒁹𒀸𒀸𒀸𒀸𒀸𒀸𒁹𒁹𒀹𒍻𒀹𒍻𒀸;𒁹𒀹𒀹𒍻𒀹𒁹𒁹𒁹𒀸𒁹𒀸𒀸𒀸𒀸𒀸𒀸𒁹𒁹𒀹𒍻𒀹𒍻𒀸;𒁹𒍻𒀹𒀹𒀹𒁹𒁹𒁹𒀸𒁹𒀸𒀸𒀸𒀸𒀸𒀸𒁹𒁹𒀹𒍻𒀹𒍻𒀸;𒁹𒀹𒀹𒍻𒁹𒁹𒁹𒀹𒀸𒁹𒀸𒀸𒀸𒀸𒀸𒀸𒁹𒁹𒀹𒍻𒀹𒍻𒀸
𒈐,𒁹𒍻𒀹𒀹𒁹𒁹𒁹𒀹𒀸𒁹𒀸𒀸𒀸𒁹;𒁹𒀹𒀹𒍻𒀹𒁹𒁹𒁹𒀸𒁹𒀸𒀸𒀸𒁹;𒁹𒍻𒀹𒀹𒀹𒁹𒁹𒁹𒀸𒁹𒀸𒀸𒀸𒁹;𒁹𒀹𒀹𒍻𒁹𒁹𒁹𒀹𒀸𒁹𒀸𒀸𒀸𒁹
𒈑,𒁹𒍻𒀹𒀹𒁹𒁹𒁹𒀹;𒁹𒀹𒀹𒍻𒀹𒁹𒁹𒁹;𒁹𒍻𒀹𒀹𒀹𒁹𒁹𒁹;𒁹𒀹𒀹𒍻𒁹𒁹𒁹𒀹
𒈒,𒁹𒍻𒀹𒀹𒁹𒁹𒁹𒀹𒁹𒍻𒀹𒀹𒁹𒁹𒁹𒀹;𒁹𒀹𒀹𒍻𒀹𒁹𒁹𒁹𒁹𒀹𒀹𒍻𒀹𒁹𒁹𒁹;𒁹𒍻𒀹𒀹𒀹𒁹𒁹𒁹𒁹𒍻𒀹𒀹𒀹𒁹𒁹𒁹;𒁹𒀹𒀹𒍻𒁹𒁹𒁹𒀹𒁹𒀹𒀹𒍻𒁹𒁹𒁹𒀹
𒈓,𒁹𒍻𒀹𒀹𒁹𒁹𒁹𒀹𒁹𒍻𒀹𒀹𒁹𒁹𒁹𒀹;𒁹𒀹𒀹𒍻𒀹𒁹𒁹𒁹𒁹𒀹𒀹𒍻𒀹𒁹𒁹𒁹;𒁹𒍻𒀹𒀹𒀹𒁹𒁹𒁹𒁹𒍻𒀹𒀹𒀹𒁹𒁹𒁹;𒁹𒀹𒀹𒍻𒁹𒁹𒁹𒀹𒁹𒀹𒀹𒍻𒁹𒁹𒁹𒀹
𒈔,𒁹𒍻𒀹𒀹𒁹𒁹𒁹𒀹𒁹𒍻𒀹𒀹𒁹𒁹𒁹𒀹𒁹𒍻𒀹𒀹𒁹𒁹𒁹𒀹𒁹𒍻𒀹𒀹𒁹𒁹𒁹𒀹;𒁹𒀹𒀹𒍻𒀹𒁹𒁹𒁹𒁹𒀹𒀹𒍻𒀹𒁹𒁹𒁹𒁹𒀹𒀹𒍻𒀹𒁹𒁹𒁹𒁹𒀹𒀹𒍻𒀹𒁹𒁹𒁹;𒁹𒍻𒀹𒀹𒀹𒁹𒁹𒁹𒁹𒍻𒀹𒀹𒀹𒁹𒁹𒁹𒁹𒍻𒀹𒀹𒀹𒁹𒁹𒁹𒁹𒍻𒀹𒀹𒀹𒁹𒁹𒁹;𒁹𒀹𒀹𒍻𒁹𒁹𒁹𒀹𒁹𒀹𒀹𒍻𒁹𒁹𒁹𒀹𒁹𒀹𒀹𒍻𒁹𒁹𒁹𒀹𒁹𒀹𒀹𒍻𒁹𒁹𒁹𒀹
𒈕,𒁹𒍻𒀹𒀹𒁹𒁹𒁹𒀹𒌋𒌋𒌋𒌋;𒁹𒀹𒀹𒍻𒀹𒁹𒁹𒁹𒌋𒌋𒌋𒌋;𒁹𒍻𒀹𒀹𒀹𒁹𒁹𒁹𒌋𒌋𒌋𒌋;𒁹𒀹𒀹𒍻𒁹𒁹𒁹𒀹𒌋𒌋𒌋𒌋
𒈖,𒀸𒁹𒀸𒁹𒀸𒀸𒀸𒀸𒀸𒀸𒀸𒀸;𒀸𒁹𒀸𒀸𒀸𒀸𒀸𒁹𒀸𒀸𒀸𒀸;𒀸𒀸𒀸𒁹𒀸𒀸𒀸𒀸𒁹
𒈗,𒀸𒀸𒀸𒀸𒁹𒀸𒁹𒀹𒀹𒍻𒁹𒁹𒁹𒀹;𒀸𒀸𒀸𒀸𒀸𒀸𒀸𒀸𒀸𒁹𒁹𒁹
𒈘,𒀸𒀸𒀸𒀸𒁹𒀸𒀸𒀸𒀸𒁹𒀸𒁹𒀹𒀹𒍻𒁹𒁹𒁹𒀹𒀸𒁹𒀹𒀹𒍻𒁹𒁹𒁹𒀹;𒀸𒀸𒀸𒀸𒁹𒀸𒁹𒀹𒀹𒍻𒁹𒁹𒁹𒀹𒀸𒀸𒀸𒀸𒁹𒀸𒁹𒀹𒀹𒍻𒁹𒁹𒁹𒀹
𒈙,𒀸𒀸𒀸𒀸𒁹𒀸𒁹𒀹𒀹𒍻𒁹𒁹𒁹𒀹𒀸𒀸𒀸𒀸𒁹𒀸𒁹𒀹𒀹𒍻𒁹𒁹𒁹𒀹
𒈛,𒀸𒀸𒀸𒀸𒁹𒁹𒁹𒁹;𒀸𒀸𒁹𒁹𒁹𒌋
𒈜,𒍻𒀹𒀹𒍻𒀹𒍻𒁹𒀹𒁹𒍻𒀹𒀹🝯;𒀸𒀸𒀸𒀸𒁹𒀸𒀸
𒈝,𒀹𒍻𒀹𒀹𒍻𒀹𒀹𒍻𒀹𒀹𒍻𒀹;𒀹𒀹𒀹𒀹𒍻𒍻𒍻𒍻𒍻𒀹𒀹𒀹𒀹;𒁹𒀹𒀹𒀸𒀸𒀸𒀸
𒈞,𒀹𒍻𒀹𒀹𒍻𒀹𒀹𒍻𒀹𒀹𒍻𒀹𒀹𒍻𒀹𒀹𒍻𒀹𒀹𒍻𒀹𒀹𒍻𒀹;𒀹𒀹𒀹𒀹𒀹𒀹𒀹𒀹𒍻𒍻𒍻𒍻𒍻𒍻𒍻𒍻𒀹𒀹𒀹𒀹𒀹𒀹𒀹𒀹
𒈟,𒀹𒍻𒀹𒀹𒍻𒀹𒀹𒍻𒀹𒀹𒍻𒀹𒁹𒁹𒁹🝯𒀹𒍻𒀹𒀹𒍻𒀹𒀹𒍻𒀹𒀹𒍻𒀹𒁹𒁹𒁹🝯;𒀹𒀹𒀹𒀹𒀹𒀹𒀹𒀹𒍻𒍻𒍻𒍻𒍻𒍻𒍻𒍻𒀹𒀹𒀹𒀹𒀹𒀹𒀹𒀹𒁹𒁹𒁹🝯𒁹𒁹𒁹🝯
𒈠,𒀸𒁹𒀸𒀸𒁹;𒀸𒀸𒀸𒁹
𒈢,𒀸𒁹𒀸𒀸𒀸𒀸𒀸𒀸𒁹;𒀸𒀸𒀸𒀸𒀸𒁹
𒈣,𒀸𒁹𒁹𒀸𒁹;𒀸𒁹𒁹𒁹𒀸;𒀸𒀸𒁹𒁹𒁹
𒈤,𒀸𒁹𒀸𒍻𒀸𒀸𒁹𒀹𒍻;𒀸𒀸𒀸𒀸𒀸𒁹𒌋𒁹𒌋
𒈥,𒀸𒀸𒁹𒁹𒀸
𒈦,𒀸𒁹;𒁹𒀸
𒈧,𒀸𒁹𒍻𒀹𒀹𒍻;𒁹𒀸𒍻𒀹𒀹𒍻;𒀸𒁹𒀹𒀹𒀹𒀹
𒈨,𒁹𒀸
𒈩,𒁹𒀸𒀸𒁹𒀸𒁹𒁹𒁹𒁹𒁹𒀸𒁹;𒁹𒀸𒀸𒀸𒁹𒁹𒁹𒁹𒁹𒁹𒀸𒁹;𒀸𒀸𒀸𒁹𒁹𒁹
𒈪,𒌋𒀸𒀸𒀸𒀸𒀸𒀸𒀸𒀸;𒌋𒀸𒀸𒀸𒀸
𒈫,𒁹𒁹
𒈬,𒀸𒌋𒌋𒌋𒌋𒌋𒌋;𒀸𒀹𒀹𒀹𒀹
𒈭,𒀸𒌋𒌋𒌋𒌋𒌋𒌋𒀸𒌋𒌋𒌋𒌋𒌋𒌋;𒀸𒀸𒀹𒀹𒀹𒀹𒀹𒀹𒀹𒀹
𒈮,𒀸𒁹𒁹𒀹𒍻;𒀸𒀸𒀸𒁹
𒈯,𒀸𒁹𒁹𒀹𒍻;𒀸𒀸𒀸𒁹𒁹𒁹
𒈰,𒀸𒁹𒀸𒁹𒀹𒁹𒀸𒀸𒀸𒀸𒀸𒍻𒀹𒀸𒀸𒁹𒁹𒁹𒁹𒀹𒍻𒌋𒌋𒌋𒌋𒌋𒌋𒌋;𒁹𒀸𒀸𒀸𒀸𒁹𒌋𒁹𒌋𒀸𒀸𒀸𒀹𒀹𒀹𒀹𒌋𒀹𒀹𒀹𒀹𒀹𒍻𒀹𒀹𒀹𒀹
𒈱,𒀹𒍻𒀹𒀹𒍻𒀹;𒀹𒀹𒍻𒍻𒀹𒀹
𒈲,𒀹𒍻𒀹𒍻𒀸𒁹𒁹𒁹𒁹𒌋;𒀹𒍻𒀹𒍻𒀸𒌋𒁹𒁹𒁹𒁹;𒀹𒀹𒀹𒀹𒀸𒌋𒁹𒁹𒁹;𒀹𒀹𒀹𒀹𒀸𒁹𒁹𒁹𒌋
𒈶,𒀹𒍻𒀹𒍻𒀸𒁹𒁹𒁹𒁹𒌋𒀹𒍻𒀹𒍻𒀸𒁹𒁹𒁹𒁹𒌋;𒀹𒍻𒀹𒍻𒀸𒌋𒁹𒁹𒁹𒁹𒀹𒍻𒀹𒍻𒀸𒌋𒁹𒁹𒁹𒁹
𒈷,𒀹𒍻𒀹𒍻𒀸𒁹𒁹𒁹𒁹𒌋𒁹𒁹𒁹𒌋🝯𒀹𒀹🝯𒀸𒀸𒀸𒀸𒀹𒍻𒀹𒍻𒀸𒁹𒁹𒁹𒁹𒌋;𒀹𒍻𒀹𒍻𒀸𒌋𒁹𒁹𒁹𒁹𒁹𒁹𒁹𒌋🝯𒀹𒀹🝯𒀸𒀸𒀸𒀸𒀹𒍻𒀹𒍻𒀸𒌋𒁹𒁹𒁹𒁹
𒈸,𒀹𒍻𒀹𒍻𒀸𒁹𒁹𒁹𒁹𒌋𒀹𒍻𒀹𒍻𒀸𒁹𒁹𒁹𒁹𒌋;𒀹𒍻𒀹𒍻𒀸𒌋𒁹𒁹𒁹𒁹𒀹𒍻𒀹𒍻𒀸𒌋𒁹𒁹𒁹𒁹
𒈹,𒁹𒀸𒀹🝯𒁹;𒀸𒁹𒀹🝯𒁹;𒀸𒁹𒁹𒁹𒁹𒁹
𒈺,𒁹𒀸𒀹🝯𒁹𒁹𒁹𒁹;𒀸𒁹𒀹🝯𒁹𒁹𒁹𒁹;𒀸𒁹𒁹𒁹𒁹𒁹𒁹𒁹
𒈻,𒁹𒀸𒀹🝯𒁹𒁹𒁹𒁹🝯𒀹𒀹🝯𒀸𒀸;𒁹𒀸𒀹🝯𒁹𒁹𒁹𒁹🝯𒀹𒀸𒀸𒀹🝯;𒀸𒁹𒀹🝯𒁹𒁹𒁹𒁹🝯𒀹𒀹🝯𒀸𒀸;𒀸𒁹𒀹🝯𒁹𒁹𒁹𒁹🝯𒀹𒀸𒀸𒀹🝯;𒀸𒁹𒁹𒁹𒁹𒁹𒁹𒌋𒁹𒀸𒀸𒁹𒁹
𒈽,𒁹𒁹𒀸𒀸𒀸𒀸𒀸𒌋𒁹;𒀸𒁹𒁹𒀸𒀸𒀸𒀸𒌋𒁹;𒀸𒁹𒁹𒁹𒁹𒀸𒀸𒀸𒀸𒁹
𒈾,𒌋🝯𒀹𒀹🝯𒀸𒀸𒀸𒀸;𒌋🝯𒀹𒀸𒀸𒀸𒀸𒀹🝯;𒀸🝯𒀹𒀹🝯𒀸𒀸𒀸𒀸;𒀸🝯𒀹𒀸𒀸𒀸𒀸𒀹🝯;𒀸𒀹𒀹𒁹
𒈿,𒌋𒌋𒀸𒁹𒀸𒀸𒀸𒀸𒁹𒀸𒍻𒀹𒌋𒌋𒌋𒌋;𒌋𒀸𒌋𒀸𒀸𒀸𒀸𒀹𒀹𒀹𒀹
𒉀,𒌋𒌋𒌋𒌋𒌋𒌋𒌋𒌋𒌋𒌋𒌋𒌋𒁹𒀹𒍻;𒀸𒀸𒀸𒀸𒀸𒁹𒁹𒀸𒀸𒁹𒁹𒁹
𒉁,𒌋𒌋𒌋𒌋𒌋𒌋𒌋𒌋𒌋𒌋𒌋𒌋𒁹𒀹𒍻;🝯𒀺𝆹𝅥𒌋𒌋𒌋𒌋𒌋𒌋𒌋𒌋𒌋𒌋𒌋𒌋;🝯𒀺𒁹𒌋𒌋𒌋𒌋𒌋𒌋𒌋𒌋𒌋𒌋𒌋𒌋
𒉂,𒌋𒌋𒌋𒌋𒌋𒌋𒌋𒌋𒌋𒌋𒌋𒌋𒁹𒀹𒀹𒀹𒀹𒀹𒀹𒁹𒍻
𒉃,𒌋𒌋𒌋𒌋𒌋𒌋𒌋𒌋𒌋𒌋𒌋𒌋𒁹𒀹𒍻𒌋𒌋𒌋𒌋𒌋𒌋𒌋𒌋𒌋𒌋𒌋𒌋𒁹𒀹𒍻
𒉄,𒀹𒍻𒁹𒁹𒁹𒀸𒌋;𒁹𒀹𒀹𒀸𒌋
𒉆,𒀸𒁹𒌋𒁹𒌋𒌋𒁹𒌋𒌋𒌋𒌋𒌋𒌋;𒀸𒁹𒌋𒁹𒀹𒀹𒀹𒀹
𒉇,𒀸𒁹𒀸𒀸𒀸𒁹;𒁹𒀸𒀸𒀸𒀸𒁹
𒉈,𒀸𒀸𒀹𒀹𒀹𒀹𒀸𒀸𒁹
𒉉,𒀸𒀸𒀹𒀹𒀹𒀹𒀸𒀸𒁹𒁹𒁹𒁹
𒉊,𒀸𒀸𒀹𒀹𒀹𒀹𒀸𒀸𒁹𒍻𒀹𒀹🝯
𒉋,𒀸𒀸𒀹𒀹𒀹𒀹𒀸𒀸𒁹𒌋𒌋𒌋𒌋;𒀸𒀸𒀹𒀹𒀹𒀹𒀸𒀸𒌋𒌋𒌋𒌋𒁹;𒀸𒀸𒀹𒀹𒀹𒀹𒀸𒀸𒌋𒌋𒁹;𒀸𒀸𒀹𒀹𒀹𒀹𒀸𒌋𒀸𒌋𒁹
𒉌,𒀹𒍻𒁹𒁹;𒀸𒀸𒁹𒁹
𒉍,𒀹𒁹𒁹𒍻𒀸𒁹𒀸𒀸𒀸𒀹🝯;𒀹𒁹𒁹𒍻𒀸𒀸𒀸𒀸𒁹𒀹🝯;𒀹𒍻𒁹𒁹𒀸𒁹𒀸𒀸𒀸𒀹🝯;𒀹𒍻𒁹𒁹𒀸𒀸𒀸𒀸𒁹𒀹🝯
𒉎,𒍻𒀹𒀹𒍻𒁹𒁹𒍻𒀸𒁹𒁹;𒍻𒀹𒁹𒀹𒍻𒁹𒍻𒀸𒁹𒁹;𒀹𒀹𒀹𒀹𒀸𒁹𒁹
𒉏,𒌋𒀹𒍻𒌋𒁹;𒌋𒀸𒌋𒀸𒁹
𒉐,𒌋𒀹𒍻𒌋𒁹𒀹𒀹𒁹𒁹𒁹𒁹𒁹;𒌋𒀸𒌋𒀸𒀸𒁹𒁹𒁹𒁹𒀸𒁹
𒉑,𒌋𒀹𒍻𒌋𒁹𒁹𒁹𒁹🝯𒀹𒀹𒁹𒁹𒁹𒁹𒁹;𒌋𒀸𒌋𒁹𒁹𒁹𒁹𒀸𒀸𒁹𒁹𒁹𒁹𒀸𒁹
𒉒,𒀸𒌋𒀸𒌋𒀸𒀸;𒀸𒌋𒀸𒀸𒌋𒀸;𒀸𒌋𒀸𒀸𒀸
𒉓,𒀸𒌋𒀸𒌋𒀸𒀸𒁹𒀹𒀸𒍻;𒀸𒌋𒀸𒀸𒌋𒀸𒁹𒀹𒀸𒍻;𒀸𒌋𒀸𒌋𒀸𒀸𒁹𒀸𒀹𒍻;𒀸𒌋𒀸𒀸𒌋𒀸𒁹𒀸𒀹𒍻;𒀸𒌋𒀸𒌋𒀸𒀸𒀸𒁹𒀹𒍻;𒀸𒌋𒀸𒀸𒌋𒀸𒀸𒁹𒀹𒍻;𒀸𒀸𒌋𒀸𒀸𒀸𒁹𒀸;𒀸𒀸𒌋𒀸𒀸𒀸𒀸𒁹
𒉔,𒀸𒌋𒀸𒌋𒀸𒀸𒀸;𒀸𒌋𒀸𒀸𒌋𒀸𒀸
𒉕,𒀸𒌋𒀸𒌋𒀸𒀸𒀸𒀸;𒀸𒌋𒀸𒀸𒌋𒀸𒀸𒀸
𒉖,𒀸𒌋𒀸𒌋𒀸𒀸𒀸𒀸𒁹𒀹𒍻;𒀸𒌋𒀸𒀸𒌋𒀸𒀸𒀸𒁹𒀹𒍻
𒉗,𒀸𒌋𒀸𒌋𒀸𒀸𒁹𒀸𒀹𒀹𒁹𒁹𒁹𒁹𒁹;𒀸𒌋𒀸𒀸𒌋𒀸𒁹𒀸𒀹𒀹𒁹𒁹𒁹𒁹𒁹
𒉘,𒀸𒌋𒀸𒌋𒀸𒀸𒀸𒀸𒀹𒀹𒀹𒀹𒀹𒀸𒀸𒁹;𒀸𒌋𒀸𒀸𒌋𒀸𒀸𒀸𒀹𒀹𒀹𒀹𒀹𒀸𒀸𒁹;𒀸𒀸𒌋𒀸𒀸𒀸𒀹𒀹𒀹𒀹𒀸𒀸𒀸𒁹;𒀸𒀸𒌋𒀸𒀸𒀸𒀸𒀹𒀹𒀹𒀹𒀸𒀸𒁹
𒉙,𒀸𒌋𒀸𒌋𒀸𒀸𒀸𒁹𒁹𒁹𒁹𒁹;𒀸𒌋𒀸𒀸𒌋𒀸𒀸𒁹𒁹𒁹𒁹𒁹;𒀸𒀸𒌋𒀸𒀸𒁹𒁹𒁹𒀸;𒀸𒀸𒌋𒀸𒀸𒀸𒁹𒁹𒁹
𒉚,𒀸𒌋𒀸𒌋𒀸𒀸𒌋𒌋𒌋𒌋𒌋𒌋𒌋𒌋𒌋𒌋;𒀸𒌋𒀸𒀸𒌋𒀸𒌋𒌋𒌋𒌋𒌋𒌋𒌋𒌋𒌋𒌋;𒀸𒀸𒌋𒀸𒀹𒀹𒀹𒀹𒀸;𒀸𒀸𒌋𒀸𒀸𒀹𒀹𒀹𒀹
𒉛,𒀸𒌋𒀸𒌋𒀸𒀸𒌋𒌋𒌋𒌋𒌋𒌋𒌋𒌋𒌋𒌋𒁹𒁹𒁹𒁹𒀹𒀸𒍻;𒀸𒌋𒀸𒀸𒌋𒀸𒌋𒌋𒌋𒌋𒌋𒌋𒌋𒌋𒌋𒌋𒁹𒁹𒁹𒁹𒀹𒀸𒍻;𒀸𒌋𒀸𒌋𒀸𒀸𒌋𒌋𒌋𒌋𒌋𒌋𒌋𒌋𒌋𒌋𒁹𒁹𒁹𒁹𒀸𒀹𒍻;𒀸𒌋𒀸𒀸𒌋𒀸𒌋𒌋𒌋𒌋𒌋𒌋𒌋𒌋𒌋𒌋𒁹𒁹𒁹𒁹𒀸𒀹𒍻;𒀸𒌋𒀸𒌋𒀸𒀸𒌋𒌋𒌋𒌋𒌋𒌋𒌋𒌋𒌋𒌋𒁹𒁹𒁹𒀸𒁹𒀹𒍻;𒀸𒌋𒀸𒀸𒌋𒀸𒌋𒌋𒌋𒌋𒌋𒌋𒌋𒌋𒌋𒌋𒁹𒁹𒁹𒀸𒁹𒀹𒍻;𒀸𒀸𒌋𒀸𒀹𒀹𒀹𒀹𒁹𒁹𒁹𒁹𒀸𒀸𒁹𒀸;𒀸𒀸𒌋𒀸𒀸𒀹𒀹𒀹𒀹𒁹𒁹𒁹𒁹𒀸𒀸𒁹
𒉜,𒀸𒌋𒀸𒌋𒀸𒀸𒌋𒌋𒌋𒌋𒌋𒌋𒌋𒌋𒌋𒌋𒀸;𒀸𒌋𒀸𒀸𒌋𒀸𒌋𒌋𒌋𒌋𒌋𒌋𒌋𒌋𒌋𒌋𒀸
𒉝,𒀸𒌋𒀸𒌋𒀸𒀸𒌋𒌋𒌋𒌋𒌋𒌋𒌋𒌋𒌋𒌋𒀸𒀸;𒀸𒌋𒀸𒀸𒌋𒀸𒌋𒌋𒌋𒌋𒌋𒌋𒌋𒌋𒌋𒌋𒀸𒀸
𒉞,𒀸𒌋𒀸𒌋𒀸𒀸𒀸𒀸𒁹𒁹𒁹𒁹𒀸;𒀸𒌋𒀸𒀸𒌋𒀸𒀸𒀸𒁹𒁹𒁹𒁹𒀸;𒀸𒀸𒌋𒀸𒀸𒀸𒁹𒁹𒁹𒀸𒀸𒀸𒀸;𒀸𒀸𒌋𒀸𒀸𒀸𒀸𒁹𒁹𒁹𒀸𒀸𒀸
𒉠,𒀸𒀸𒀸𒀸𒍻𒀹𒁹𒁹𒁹𒁹𒁹𒁹;𒀸𒀸𒀸𒌋𒀸𒌋𒌋𒌋𒀸𒁹𒁹;𒀸𒀸𒀸𒌋𒀸𒀸𒌋𒌋𒌋𒁹𒁹
𒉡,𒀸𒍻;𒀸𒁹𒍻;𒁹𒀸𒍻
𒉢,𒀸𒍻𒀹𒀹𒀸𒀸𒀸𒀸𒀸𒀸𒀹𒀹𒍻𒀸;𒀸𒍻𒀹𒁹𒀸𒀸𒀸𒀸𒀸𒀸𒁹𒀹𒍻𒀸;𒀸𒍻𒀹𒀹𒍻𒀹𒀸𒀸𒀸𒀸𒀸𒀸𒀹𒀸;𒀸𒍻𒀹𒀹𒍻𒁹𒀸𒀸𒀸𒀸𒀸𒀸𒁹𒀸;𒀸𒌋𒀹𒍻𒀸𒀸;𒀸𒌋𒀹𒀸𒀸𒍻
𒋔,𒀸𒍻𒀹𒀹𒀸𒀸𒀸𒀸𒀸𒀸𒀹𒀹𒍻𒀸;𒀸𒍻𒀹𒁹𒀸𒀸𒀸𒀸𒀸𒀸𒁹𒀹𒍻𒀸;𒀸𒍻𒀹𒀹𒍻𒀹𒀸𒀸𒀸𒀸𒀸𒀸𒀹𒀸;𒀸𒍻𒀹𒀹𒍻𒁹𒀸𒀸𒀸𒀸𒀸𒀸𒁹𒀸;𒀹𒀸𒁹🝯𒀹𒀹𒀹𒀹𒀹𒀹🝯𒀸𒁹𒀹
𒉣,𒁹𒁹𒁹𒁹𒀸𒁹;𒀸𒁹𒁹𒁹𒁹𒁹;𒀸𒁹𒁹𒁹𒁹
𒉤,𒁹𒁹𒁹𒁹𒀸𒁹𒍻𒀹𒁹𒁹𒁹𒁹🝯𒁹;𒀸𒁹𒁹𒁹𒁹𒁹𒍻𒀹𒁹𒁹𒁹𒁹🝯𒁹
𒉥,𒁹𒁹𒁹𒁹𒀸𒁹𒍻𒀹𒁹𒀸𒁹𒁹;𒀸𒁹𒁹𒁹𒁹𒁹𒍻𒀹𒁹𒀸𒁹𒁹
𒉦,𒁹𒁹𒁹𒁹𒀸𒁹𒍻𒀹𒁹𒁹𒀹𒀸𒍻𒁹;𒀸𒁹𒁹𒁹𒁹𒁹𒍻𒀹𒁹𒁹𒀹𒀸𒍻𒁹;𒀸𒁹𒁹𒁹𒁹𒌋𒀸𒁹𒁹𒀹𒀹𒀸𒁹
𒉧,𒁹𒁹𒁹𒁹𒀸𒁹𒍻𒀹𒁹𒁹𒀹𒀸𒍻𒁹𒁹𒁹𒁹𒁹𒀸𒁹𒍻𒀹𒁹𒁹𒀹𒀸𒍻𒁹;𒀸𒁹𒁹𒁹𒁹𒁹𒍻𒀹𒁹𒁹𒀹𒀸𒍻𒁹𒀸𒁹𒁹𒁹𒁹𒁹𒍻𒀹𒁹𒁹𒀹𒀸𒍻𒁹
𒉩,𒁹𒁹𒁹𒁹𒀸𒁹;𒀸𒁹𒁹𒁹𒁹𒁹;𒀹🝯🝯🝯🝯🝯
𒉪,𒁹𒁹𒁹𒁹𒀸𒁹𒁹𒁹𒁹𒁹𒀸𒁹;𒀸𒁹𒁹𒁹𒁹𒁹𒀸𒁹𒁹𒁹𒁹𒁹;𒀸𒁹𒁹𒁹𒁹𒀸𒁹𒁹𒁹𒁹;𒀸𒀸𒁹𒁹𒁹𒁹𒁹𒁹𒁹𒁹
𒉫,𒁹𒁹𒁹𒁹𒀸𒁹𒁹𒁹𒁹𒁹𒀸𒁹;𒀸𒁹𒁹𒁹𒁹𒁹𒀸𒁹𒁹𒁹𒁹𒁹;𒀹🝯🝯🝯🝯𒀹𒍻𒀹𒀹𒀹𒀹🝯
𒉬,𒁹𒁹𒁹𒁹𒀸𒁹𒍻𒀹𒁹𒁹𒁹𒁹𒁹𒁹𒀸𒁹𒍻𒀹𒁹𒁹;𒀸𒁹𒁹𒁹𒁹𒁹𒍻𒀹𒁹𒁹𒀸𒁹𒁹𒁹𒁹𒁹𒍻𒀹𒁹𒁹;𒀸𒁹𒁹𒁹𒁹𒀸𒁹𒁹𒁹𒁹𒁹𒁹𒍻𒀹𒁹𒁹𒍻𒀹𒁹𒁹
𒉭,𒍻𒀹𒀹𒍻𒁹𒍻𒀹𒀹𒍻𒁹;𒍻𒀹𒁹𒀹𒍻𒍻𒀹𒁹𒀹𒍻;𒀹𒀹𒁹𒁹𒀹𒀹𒀹𒀹
𒉮,𒍻𒀹𒀹𒍻𒁹𒍻𒀹𒀹𒍻𒁹𒌋𒀸𒀸𒀸𒀸𒁹𒁹𒁹𒁹;𒍻𒀹𒁹𒀹𒍻𒍻𒀹𒁹𒀹𒍻𒌋𒀸𒀸𒀸𒀸𒁹𒁹𒁹𒁹;𒀹𒀹𒁹𒁹𒀹𒀹𒀹𒀹𒌋𒀸𒌋𒀸𒀸𒀸𒁹𒁹𒁹
𒉯,𒍻𒀹𒀹𒍻𒁹𒍻𒀹𒀹𒍻𒁹𒌋𒀹𒍻𒀸𒀸𒁹𒁹𒁹𒁹𒀹𒍻;𒍻𒀹𒁹𒀹𒍻𒍻𒀹𒁹𒀹𒍻𒌋𒀹𒍻𒀸𒀸𒁹𒁹𒁹𒁹𒀹𒍻;𒀹𒀹𒁹𒁹𒀹𒀹𒀹𒀹𒌋𒀸𒌋𒀸𒌋𒀸𒌋𒀸
𒉰,𒍻𒀹𒀹𒍻𒁹𒍻𒀹𒀹𒍻𒁹𒌋𒀹𒍻𒀸𒀸𒁹𒁹𒁹𒁹𒁹𒁹𒁹𒁹𒀹𒍻;𒍻𒀹𒁹𒀹𒍻𒍻𒀹𒁹𒀹𒍻𒌋𒀹𒍻𒀸𒀸𒁹𒁹𒁹𒁹𒁹𒁹𒁹𒁹𒀹𒍻
𒉱,𒍻𒀹𒀹𒍻𒁹𒍻𒀹𒀹𒍻𒁹𒌋𒀹𒍻𒀸𒀸𒁹𒀹𒍻;𒍻𒀹𒁹𒀹𒍻𒍻𒀹𒁹𒀹𒍻𒌋𒀹𒍻𒀸𒀸𒁹𒀹𒍻
𒉲,𒍻𒀹𒀹𒍻𒁹𒍻𒀹𒀹𒍻𒁹𒌋𒀹𒍻𒀸𒀸𒀸𒀸𒌋𒁹𒀸;𒍻𒀹𒁹𒀹𒍻𒍻𒀹𒁹𒀹𒍻𒌋𒀹𒍻𒀸𒀸𒀸𒀸𒌋𒁹𒀸
𒉳,𒍻𒀹𒀹𒍻𒁹𒍻𒀹𒀹𒍻𒁹𒌋𒀹𒍻𒀹𒀸𒁹𒌋𒁹𒌋𒁹𒌋;𒍻𒀹𒁹𒀹𒍻𒍻𒀹𒁹𒀹𒍻𒌋𒀹𒍻𒀹𒀸𒁹𒌋𒁹𒌋𒁹𒌋
𒉴,𒍻𒀹𒀹𒍻𒁹𒍻𒀹𒀹𒍻𒁹𒌋𒀹𒍻𒀸𒀸𒁹𒁹𒁹𒁹𒀸𒀸𒀸𒀸𒀸𒁹;𒍻𒀹𒁹𒀹𒍻𒍻𒀹𒁹𒀹𒍻𒌋𒀹𒍻𒀸𒀸𒁹𒁹𒁹𒁹𒀸𒀸𒀸𒀸𒀸𒁹
𒉵,𒍻𒀹𒀹𒍻𒁹𒍻𒀹𒀹𒍻𒁹𒌋𒀹𒍻𒀸𒀸𒀹𒀹𒀹𒀹𒀸𒀸𒁹;𒍻𒀹𒁹𒀹𒍻𒍻𒀹𒁹𒀹𒍻𒌋𒀹𒍻𒀸𒀸𒀹𒀹𒀹𒀹𒀸𒀸𒁹
𒉶,𒍻𒀹𒀹𒍻𒁹𒍻𒀹𒀹𒍻𒁹𒌋𒀹𒍻𒀹𒍻𒁹;𒍻𒀹𒁹𒀹𒍻𒍻𒀹𒁹𒀹𒍻𒌋𒀹𒍻𒀹𒍻𒁹
𒉸,𒍻𒀹𒀹𒍻𒁹𒍻𒀹𒀹𒍻𒁹𒌋𒀹𒍻𒀸𒀸𒁹𒁹𒁹𒁹𒀹𒍻𒌋;𒍻𒀹𒁹𒀹𒍻𒍻𒀹𒁹𒀹𒍻𒌋𒀹𒍻𒀸𒀸𒁹𒁹𒁹𒁹𒀹𒍻𒌋
𒉹,𒍻𒀹𒀹𒍻𒁹𒍻𒀹𒀹𒍻𒁹𒌋𒀹𒍻𒀸𒀸𒁹𒁹𒁹𒁹𒀹𒍻𒌋𒌋;𒍻𒀹𒁹𒀹𒍻𒍻𒀹𒁹𒀹𒍻𒌋𒀹𒍻𒀸𒀸𒁹𒁹𒁹𒁹𒀹𒍻𒌋𒌋
𒉺,𒀸𒀸𒁹
𒉻,𒌋𒁹𒁹𒁹🝯;𒌋𒁹𒁹𒁹𒁹
𒉼,𒀹𒍻𒀹𒍻;𒌋𒀸𒀸𒀹𒀹𒁹;𒌋𒀸𒀹𒀹𒀸𒁹
𒉽,𒀹𒍻;𒀸𒍻
𒉾,𒀸🝯𒀸𒀸𒀸🝯𒀹𒍻𒍻𒁹🝯𒀹𒍻𒀹𒀹𒀹;𒀸𒁹𒀸𒀸𒀸𒁹𒀹𒍻𒍻𒁹𒁹𒀹𒍻𒀹𒀹𒀹;𒁹𒌋𒁹𒌋𒁹𒌋𒌋𒁹𒀸𒌋
𒉿,𒌋𒌋𒁹𒀸;𒀹𒀹𒁹𒀸
𒊀,𒌋𒌋𒁹𒀸𒁹𒁹𒁹
𒊁,𒌋𒌋𒁹𒀸𒀸𒀸𒀸𒀸𒁹
𒊂,𒌋𒌋𒁹𒀸𒀸𒀸𒁹𒁹𒁹𒁹𒀹𒍻
𒊃,𒌋𒌋𒁹𒀸𒀹𒍻𒀹𒍻𒀸
𒊄,𒌋𒌋𒁹𒀸𒀸𒁹𒀸𒀸𒀸𒀹🝯;𒌋𒌋𒁹𒀸𒀸𒀸𒀸𒀸𒁹𒀹🝯
𒊅,𒌋𒌋𒁹𒀸𒀸𒀸𒀸𒀸𒀸
𒊆,𒌋𒌋𒁹𒀸𒁹𒀸𒀸𒁹𒁹𒁹𒁹𒁹;𒌋𒌋𒁹𒀸𒁹𒀸𒁹𒁹𒁹𒁹𒀸𒁹
𒊇,𒌋𒌋𒁹𒀸𒌋
𒊈,𒌋𒌋𒁹𒀸𒀸𒀸𒁹𒁹𒁹𒁹;𒌋𒌋𒁹𒀸𒁹𒁹𒁹𒁹𒀸𒀸
𒊉,𒀹𒀸𒁹𒁹𒀹𒀸𒁹𒁹𒀹𒍻
𒊊,𒍻𒀹𒁹𒁹𒁹𒁹𒁹𒁹𒁹𒁹𒁹𒀸𒀹𒀸𒀸𒀸𒀸𒀸𒀸𒀸𒀸𒁹𒍻;𒌋𒀸𒀸𒀸𒀸
𒊋,𒍻𒀹𒁹𒁹𒁹𒁹𒁹𒁹𒁹𒁹𒁹𒀸𒀹𒀸𒀸𒀸𒀸𒀸𒀸𒀸𒀸𒁹𒍻𒀸𒁹𒀸𒁹;𒀸𒀸𒀸𒀹𒀹𒀸𒀸𒁹𒁹𒁹𒁹𒀸;𒀸𒀸𒀸𒀸𒀹𒀹𒀸𒀸𒁹𒁹𒁹𒁹
𒊌,𒍻𒀹𒁹𒁹𒁹𒁹𒁹𒁹𒁹𒁹𒁹𒀸𒀹𒀸𒀸𒀸𒀸𒀸𒀸𒀸𒀸𒁹𒍻𒍻𒀹𒀹🝯;𒀸𒀸𒀸𒀹𒀹𒀹𒀹𒀸𒁹
𒊍,𒍻𒀹𒁹𒁹𒁹𒁹𒁹𒁹𒁹𒁹𒁹𒀸𒀹𒀸𒀸𒀸𒀸𒀸𒀸𒀸𒀸𒁹𒍻𒁹𒁹𒁹𒁹;𒀸𒀸𒀸𒀹𒀹𒁹𒁹𒁹𒁹𒀸
𒊎,𒍻𒀹𒁹𒁹𒁹𒁹𒁹𒁹𒁹𒁹𒁹𒀸𒀹𒀸𒀸𒀸𒀸𒀸𒀸𒀸𒀸𒁹𒍻𒍻𒀹𒁹𒁹𒁹𒁹𒁹𒁹𒁹𒁹𒁹𒀸𒀹𒀸𒀸𒀸𒀸𒀸𒀸𒀸𒀸𒁹𒍻
𒊏,𒀸𒁹𒀸𒀸𒁹𒀸𒁹𒀸𒁹;𒀸𒀸𒀸𒀸𒀸𒁹𒁹
𒊐,𒀸𒀸𒀸𒀸𒀸𒀸𒀸𒀸𒀸𒁹
𒊑,𒁹𒁹𒀸𒌋𒁹;𒀸𒁹𒁹𒌋𒁹
𒊒,𒀸𒀹🝯𒀹🝯𒀸;𒀸𒀹𒀹🝯🝯𒀸;𒀹𒀹𒁹𒁹𒁹𒀸
𒊓,𒁹𒀸𒁹𒀸𒁹𒀸𒁹𒀸;𒁹𒁹𒁹𒁹𒀸𒀸𒀸𒀸;𒀸𒀸𒁹𒁹𒁹
𒊔,𒍻𒀹𒁹𒀸𒀸𒁹
𒊕,𒍻𒀹𒁹𒁹𒀸𒀸𒁹;𒀸𒀸𒁹𒁹𒀸𒀸𒁹
𒊖,𒍻𒀹𒁹𒁹𒀸𒀸𒁹𒁹𒁹𒁹
𒊗,𒍻𒀹𒁹𒁹𒀸𒀸𒁹𒀸𒌋𒀸𒀸𒁹
𒊙,𒍻𒀹𒁹𒁹𒀸𒀸𒁹𒁹𒁹𒌋𒁹𒁹𒌋
𒊚,𒍻𒀹𒁹𒁹𒀸𒀸𒁹𒀹𒍻𒁹;𒍻𒀹𒁹𒁹𒀸𒀸𒁹𒀹𒁹𒍻
𒊜,𒍻𒀹𒁹𒁹𒀸𒀸𒁹𒀹𒍻𒀹𒀹𒍻𒀹𒀹𒍻𒀹𒀹𒍻𒀹;𒍻𒀹𒁹𒁹𒀸𒀸𒁹𒀹𒀹𒀹𒀹𒍻𒍻𒍻𒍻𒀹𒀹𒀹𒀹
𒊝,𒍻𒀹𒁹𒁹𒀸𒀸𒁹𒌋𒀸𒀸𒀸𒀸𒀸𒀸𒀸𒀸;𒀸𒀸𒁹𒁹𒌋𒀸𒀸𒀸𒀸𒀸𒀸𒁹
𒊞,𒍻𒀹𒁹𒁹𒀸𒀸𒁹𒁹𒁹𒁹𒁹𒀸𒁹;𒍻𒀹𒁹𒁹𒀸𒀸𒁹𒀸𒁹𒁹𒁹𒁹𒁹
𒊟,𒍻𒀹𒁹𒁹𒀸𒀸𒁹𒁹𒀹𒍻𒀸;𒍻𒀹𒁹𒁹𒀸𒀸𒁹𒁹𒀹𒀸𒍻
𒊠,𒍻𒀹𒁹𒁹𒀸𒀸𒁹𒀸𒀸𒀸𒀸𒁹𒁹𒀸𒁹;𒀸𒀸𒁹𒁹𒀸𒀸𒀸𒀸𒁹𒁹𒁹𒁹𒀸𒀸𒁹
𒊢,𒍻𒀹𒁹𒁹𒀸𒀸𒁹𒀸𒀸𒁹𒁹𒁹𒁹;𒀸𒀸𒁹𒁹𒁹𒀸𒀸
𒊣,𒍻𒀹𒁹𒁹𒀸𒀸𒁹𒍻𒀹𒀹𒍻𒁹;𒍻𒀹𒁹𒁹𒀸𒀸𒁹𒍻𒀹𒁹𒀹𒍻
𒊤,𒍻𒀹𒁹𒁹𒀸𒀸𒁹𒀸𒀸𒁹𒀸𒀸𒁹𒁹𒁹𒁹𒁹
𒊥,𒍻𒀹𒁹𒁹𒀸𒀸𒁹𒁹𒀸𒁹𒀸𒁹
𒊦,𒍻𒀹𒁹𒁹𒀸𒀸𒁹𒀸𒁹𒀸𒁹𒁹𒌋;𒍻𒀹𒁹𒁹𒀸𒀸𒁹𒀸𒁹𒀸𒌋𒁹𒁹
𒊧,𒍻𒀹𒁹𒀸𒀸𒁹𒍻𒀹𒁹𒀸𒀸𒁹;𒍻𒀹𒁹𒍻𒀹𒁹𒀸𒀸𒀸𒀸𒁹𒁹
𒊨,𒍻𒀹𒁹𒁹𒁹𒁹𒁹𒀸𒀸𒁹;𒀸𒀸𒀸𒀸𒀸𒁹𒁹𒀸𒀸𒁹
𒊩,𒁹𒀸𒀹𒍻;𒁹𒀹𒀸𒍻;𒁹𒀹𒍻𒀸;𒁹𒀹𒀹𒀸
𒊪,𒁹𒀸𒀹𒍻𒀸𒁹𒀸𒁹𒀸𒀸𒀸𒀸𒁹;𒁹𒀹𒀸𒍻𒀸𒁹𒀸𒁹𒀸𒀸𒀸𒀸𒁹;𒁹𒀹𒍻𒀸𒀸𒁹𒀸𒁹𒀸𒀸𒀸𒀸𒁹;𒁹𒀹𒀹𒀸𒀸𒁹𒀸𒁹𒀸𒀸𒀸𒀸𒁹;𒁹𒀸𒀹𒍻𒁹𒀸𒀸𒀸𒀸𒀸𒀸𒁹𒁹;𒁹𒀹𒀸𒍻𒁹𒀸𒀸𒀸𒀸𒀸𒀸𒁹𒁹;𒁹𒀹𒍻𒀸𒁹𒀸𒀸𒀸𒀸𒀸𒀸𒁹𒁹;𒁹𒀹𒀹𒀸
𒊬,𒀸𒀸𒀸𒀸𒀸𒀸𒁹𒀸𒀸𒁹;𒌋𒌋𒌋𒌋𒌋𒌋𒌋𒌋𒌋𒀸𒁹𒀸𒁹;𒌋𒌋𒌋𒌋𒌋𒌋𒌋𒌋𒌋𒁹𒀸𒀸𒁹
𒊭,𒀸𒀸𒀸𒀸𒀹𒍻𒁹;𒀸𒀸𒀸𒀸𒁹𒀹𒍻𒁹;𒀸𒌋𒀸𒀸𒀸𒁹𒁹
𒊮,🝯𒀹𒀹🝯𒀹🝯;𒀹𒀹𒁹𒁹𒁹
𒊯,🝯𒀹𒁹𒁹𒁹𒀹🝯𒀹🝯;🝯𒀹𒀹🝯𒁹𒁹𒁹𒀹🝯;𒀹𒀹𒁹𒁹𒁹𒁹𒁹𒁹
𒊰,🝯𒀹𒀹🝯𒀹🝯𒀸𒍻𒀹;🝯𒀹𒀹🝯𒀸𒍻𒀹𒀹🝯
𒊱,🝯𒀹𒀹🝯𒀹🝯𒀸𒀸𒁹;🝯𒀹𒀹🝯𒀸𒀸𒁹𒀹🝯
𒊲,🝯𒀹𒀹🝯𒀹🝯𒀹🝯𒀸𒀸𒀹𒀹𒀹𒀹𒀸𒀸𒁹
𒊳,🝯𒀹𒀹🝯𒀹🝯𒀹🝯𒁹𒌋
𒊴,🝯𒀹𒀹🝯𒀹🝯𒀹🝯𒁹𒀹𒍻𒀹𒍻𒀸𒀸
𒊵,🝯𒀹𒀹🝯𒀹🝯𒀹🝯𒌋
𒊶,🝯𒀹𒀹🝯𒀹🝯𒀹🝯𒌋𒁹𒁹𒁹
𒊷,𒁹𒀸𒁹𒀸𒁹𒀸𒁹𒀸𒌋𒌋𒀸𒁹𒁹𒁹𒁹𒁹𒀸𒁹𒁹𒁹𒁹𒁹;𒁹𒁹𒁹𒁹𒀸𒀸𒀸𒀸𒌋𒌋𒀸𒁹𒁹𒁹𒁹𒀸𒁹𒁹𒁹𒁹𒁹𒁹;𒀸𒀸𒀸𒀸𒀹𒀹𒁹𒁹𒀸𒀸𒁹𒁹𒁹𒁹𒁹𒁹𒁹𒁹;𒀸𒀸𒀸𒀹𒀹𒀸𒁹𒁹𒀸𒀸𒁹𒁹𒁹𒁹𒁹𒁹𒁹𒁹
𒊹,𒌋;𒀹𒀹𒀹𒀹
𒊺,𒌋𒌋𒌋𒌋𒌋𒌋𒌋𒌋𒌋𒌋;𒀹𒀹𒀹𒀹
𒊻,𒌋𒌋𒌋𒌋𒌋𒌋𒌋𒌋𒌋𒀸𒁹𒌋𒁹;𒌋𒌋𒌋𒌋𒌋𒌋𒌋𒌋𒌋𒁹𒀸𒌋𒁹;𒌋𒌋𒌋𒌋𒌋𒌋𒌋𒌋𒌋𒀸𒁹𒁹𒌋;𒌋𒌋𒌋𒌋𒌋𒌋𒌋𒌋𒌋𒁹𒀸𒁹𒌋;𒀹𒀹𒀹𒀹𒀸𒁹𒌋𒁹
𒊼,𒌋𒌋𒌋𒌋𒌋𒌋𒌋𒌋𒌋𒌋𒌋𒌋𒌋𒌋𒌋𒌋𒌋𒌋𒌋𒌋𒍻𒀹𒁹𒁹𒁹𒁹🝯𒍻𒀹𒁹𒁹𒁹𒁹🝯;𒌋𒌋𒌋𒌋𒌋𒌋𒌋𒌋𒌋𒌋𒌋𒌋𒌋𒌋𒌋𒌋𒌋𒌋𒌋𒌋𒍻𒀹𒁹𒍻𒀹𒁹𒁹𒁹𒁹🝯𒁹𒁹𒁹🝯;𒌋𒍻𒀹𒁹𒁹𒁹𒁹🝯𒍻𒀹𒁹𒁹𒁹𒁹🝯;𒌋𒍻𒀹𒁹𒍻𒀹𒁹𒁹𒁹𒁹🝯𒁹𒁹𒁹🝯
𒊽,𒌋𒀸𒀸𒀸𒀸𒁹𒁹𒁹🝯𒁹𒁹𒁹🝯;𒌋𒀸𒀸𒁹𒁹𒁹🝯𒀸𒀸𒁹𒁹𒁹🝯;𒌋𒌋𒌋𒌋𒌋𒌋𒌋𒌋𒌋𒌋𒌋𒌋𒌋𒌋𒌋𒌋𒌋𒌋𒌋𒌋𒀸𒀸𒀸𒀸𒁹𒁹𒁹🝯𒁹𒁹𒁹🝯;𒌋𒌋𒌋𒌋𒌋𒌋𒌋𒌋𒌋𒌋𒌋𒌋𒌋𒌋𒌋𒌋𒌋𒌋𒌋𒌋𒀸𒀸𒁹𒁹𒁹🝯𒀸𒀸𒁹𒁹𒁹🝯
𒊾,𒁹𒀸𒌋𒌋𒌋𒌋𒌋𒌋𒌋𒌋𒁹𒀸𒀸𒀸𒀸𒀸𒁹𒀹𒍻𒀸𒀸𒁹;𒁹𒀸𒌋𒌋𒌋𒌋𒌋𒌋𒌋𒌋𒀸𒀸𒁹𒁹𒀸𒀸𒀸𒀸𒀸𒁹𒀹𒍻;𒁹𒀸𒌋𒌋𒌋𒌋𒌋𒌋𒌋𒌋𒁹𒀸𒀸𒀸𒀸𒀸𒁹𒀹𒍻𒁹𒀸𒀸;𒁹𒀸𒌋𒌋𒌋𒌋𒌋𒌋𒌋𒌋𒁹𒀸𒀸𒁹𒀸𒀸𒀸𒀸𒀸𒁹𒀹𒍻;𒁹𒀹𒀹𒀹𒀹𒀹𒁹𒀸𒀸𒀸𒀸𒁹𒀸𒀸𒁹
𒊿,𒀸𒀸𒁹𒁹𒁹𒁹𒁹𒀸𒁹𒁹𒁹𒀸𒀸𒁹𒁹𒁹𒁹𒁹𒀸𒁹;𒀸𒀸𒁹𒁹𒁹𒁹𒁹𒀸𒀸𒁹𒁹𒁹𒁹𒁹𒀸𒁹𒁹𒁹𒀸𒁹;𒀸𒀸𒀸𒀸𒁹𒁹𒁹𒁹𒁹
𒋀,𒀸🝯𒀹🝯𒀹𒌋𒌋;𒀸🝯🝯𒀹𒀹𒌋𒌋;🝯𒀹🝯𒀹𒀸𒌋𒌋;🝯🝯𒀹𒀹𒀸𒌋𒌋;𒀸𒀸𒀸𒀸𒀸𒀸𒌋𒀸𒌋𒁹𒁹𒁹;𒀸𒀸𒀸𒀸𒀸𒀸𒌋𒀸𒁹𒁹𒁹𒌋
𒋁,𒀸𒁹𒀸𒀸𒀸𒀸𒀸𒀸𒁹𒀸𒁹𒀸𒁹𒁹𒁹𒁹𒁹𒁹𒁹𒁹;𒁹𒀸𒀸𒀸𒀸𒁹𒀹𒁹𒀹𒀸𒀸𒀸𒌋𒀸𒌋𒀸𒁹𒁹
𒋂,𒀸𒀹𒁹𒁹𒁹𒁹;𒀹𒀸𒁹𒁹𒁹𒁹
𒋃,𒀸𒀸𒀸𒀸𒁹𒁹𒀸𒁹;𒀸𒀸𒁹𒁹𒁹𒀸;𒀸𒀸𒁹𒀸𒁹𒁹
𒋄,𒀸𒀸𒀸𒀸𒁹𒁹𒀸𒁹𒁹𒁹𒁹;𒀸𒀸𒁹𒁹𒁹𒁹𒁹𒁹𒀸;𒀸𒀸𒁹𒀸𒁹𒁹𒁹𒁹𒁹
𒋅,𒀸𒀸𒀸𒀸𒁹𒁹𒀸𒁹𒍻𒀹𒀹𒍻𒁹𒁹𒍻𒀸;𒀸𒀸𒀸𒀸𒁹𒁹𒀸𒁹𒍻𒀹𒁹𒀹𒍻𒁹𒍻𒀸
𒋆,𒀸𒀸𒁹𒁹𒁹𒀹𒍻𒁹𒁹𒁹𒌋𒁹;𒀸𒀸𒁹𒁹𒁹𒁹𒁹𒁹𒀹𒍻𒌋𒁹;𒀸𒌋𒀸𒌋𒀸𒌋𒀸𒁹𒁹
𒋇,𒀸𒀸𒁹𒁹𒁹𒀹𒍻𒁹𒁹𒁹𒌋𒁹𒁹𒁹𒁹;𒀸𒀸𒁹𒁹𒁹𒁹𒁹𒁹𒀹𒍻𒌋𒁹𒁹𒁹𒁹;𒀸𒌋𒀸𒌋𒀸𒌋𒀸𒁹𒁹𒁹𒁹𒁹
𒋈,𒀸𒀸𒁹𒁹𒁹𒀹𒍻𒁹𒁹𒁹𒌋𒁹𒌋𒁹𒀸𒌋𒌋;𒀸𒀸𒁹𒁹𒁹𒁹𒁹𒁹𒀹𒍻𒌋𒁹𒌋𒁹𒀸𒌋𒌋
𒋉,𒀸𒀸𒁹𒁹𒁹𒀹𒍻𒁹𒁹𒁹𒌋𒁹𒀸𒁹𒀹𒀸𒌋;𒀸𒀸𒁹𒁹𒁹𒁹𒁹𒁹𒀹𒍻𒌋𒁹𒀸𒁹𒀹𒀸𒌋
𒋊,𒀸𒀸𒁹𒁹𒁹𒀹𒍻𒁹𒁹𒁹𒌋𒁹𒌋𒌋𒀹𒍻;𒀸𒀸𒁹𒁹𒁹𒁹𒁹𒁹𒀹𒍻𒌋𒁹𒌋𒌋𒀹𒍻
𒋋,𒀸𒀸𒁹𒁹𒁹𒀹𒍻𒁹𒁹𒁹𒌋𒁹𒁹𒁹𒁹🝯;𒀸𒀸𒁹𒁹𒁹𒁹𒁹𒁹𒀹𒍻𒌋𒁹𒁹𒁹𒁹🝯;𒀸𒌋𒀸𒌋𒀸𒁹𒁹𒁹𒁹𒁹𒁹
𒋌,𒀸𒀸𒁹𒁹𒁹𒀹𒍻𒁹𒁹𒁹𒌋𒁹𒌋𒁹𒀸;𒀸𒀸𒁹𒁹𒁹𒁹𒁹𒁹𒀹𒍻𒌋𒁹𒌋𒁹𒀸
𒋍,𒀸𒀸𒁹𒁹𒁹𒀹𒍻𒁹𒁹𒁹𒌋𒁹𒀸𒀸𒀸𒀸𒌋𒁹𒀸;𒀸𒀸𒁹𒁹𒁹𒁹𒁹𒁹𒀹𒍻𒌋𒁹𒀸𒀸𒀸𒀸𒌋𒁹𒀸
𒋎,𒀸𒀸𒁹𒁹𒁹𒀹𒍻𒁹𒁹𒁹𒌋𒁹𒁹𒀹𒍻𒀸𒌋𒁹;𒀸𒀸𒁹𒁹𒁹𒁹𒁹𒁹𒀹𒍻𒌋𒁹𒁹𒀹𒍻𒀸𒌋𒁹;𒀸𒀸𒁹𒁹𒁹𒀹𒍻𒁹𒁹𒁹𒌋𒁹𒁹𒀹𒀸𒍻𒌋𒁹;𒀸𒀸𒁹𒁹𒁹𒁹𒁹𒁹𒀹𒍻𒌋𒁹𒁹𒀹𒀸𒍻𒌋𒁹
𒋏,𒀸𒀸𒁹𒁹𒁹𒀹𒍻𒁹𒁹𒁹𒌋𒁹𒍻𒀹𒀹𒀹𒍻𒍻𒁹𒀹𒀹𒁹𒍻𒀹𒀹🝯;𒀸𒀸𒁹𒁹𒁹𒁹𒁹𒁹𒀹𒍻𒌋𒁹𒍻𒀹𒀹𒀹𒍻𒍻𒁹𒀹𒀹𒁹𒍻𒀹𒀹🝯
𒋐,𒀸𒀸𒁹𒁹𒁹𒀹𒍻𒁹𒁹𒁹𒌋𒁹𒀸𒁹𒁹𒀹𒍻;𒀸𒀸𒁹𒁹𒁹𒁹𒁹𒁹𒀹𒍻𒌋𒁹𒀸𒁹𒁹𒀹𒍻
𒋑,𒀸𒀸𒁹𒁹𒁹𒀹𒍻𒁹𒁹𒁹𒌋𒁹𒁹𒀹𒍻𒀸;𒀸𒀸𒁹𒁹𒁹𒁹𒁹𒁹𒀹𒍻𒌋𒁹𒁹𒀹𒍻𒀸;𒀸𒀸𒁹𒁹𒁹𒀹𒍻𒁹𒁹𒁹𒌋𒁹𒁹𒀹𒀸𒍻;𒀸𒀸𒁹𒁹𒁹𒁹𒁹𒁹𒀹𒍻𒌋𒁹𒁹𒀹𒀸𒍻
𒋒,𒍻𒀹𒁹𒌋𒌋𒌋𒌋𒌋𒌋𒌋𒌋𒌋𒌋𒁹𒀹𒍻;𒀸𒁹𒀹𒀸𒀸𒀸𒀸𒀸𒁹𒁹𒀸𒀸𒁹𒁹𒁹
𒋓,𒀸𒍻𒀹𒀹𒍻𒀸;𒀸𒍻𒀹𒀹𒀸𒍻;𒀸𒌋𒀹𒍻𒀸𒀸;𒀸𒌋𒀹𒀸𒀸𒍻
𒋖,𒁹𒀹𒍻𒁹;𒀹𒁹𒍻𒁹;𒀹𒍻𒁹𒁹
𒋗,𒀸𒀸𒀸𒀸𒀸𒁹;𒀸𒀸𒀸𒀸𒁹
𒋙,𒁹𒌋;𒁹𒀹
𒋚,𒀹🝯𒀸𒀹𒀹🝯𒀸𒁹𒁹𒁹𒁹𒀸𒁹;𒀹🝯𒀸𒀹𒀹🝯𒀸𒀸𒁹𒁹𒁹𒁹𒁹;𒀸𒀸𒀸𒀸𒀸𒁹𒁹𒀸𒀸𒁹𒁹𒁹𒁹𒁹𒁹𒁹𒁹
𒋛,𒀸𒀸𒁹𒁹;𒀸𒁹𒀸𒁹
𒋜,𒀸𒁹𒀸𒀸𒀸𒀸𒀸𒁹;𒀸𒀸𒁹𒀹𒀹𒀹𒀹𒁹
𒋝,🝯𒀹𒀹🝯;𒁹𒀹𒁹𒀹;𒁹𒁹𒀹𒀹
𒋞,𒀹𒍻𒀹𒀹𒀹𒀹𒍻𒀹𒍻𒍻;𒀹𒀹𒍻𒍻𒀹𒀹𒍻𒍻𒀹𒀹;𒁹𒀹𒀹𒀸𒀸𒀸𒌋𒀸𒌋𒌋𒌋;𒁹𒀹𒀹𒀸𒀸𒌋𒀸𒀸𒌋𒌋𒌋
𒋟,𒀹𒍻𒀹𒀹𒀹𒀹𒍻𒀹𒍻𒍻𒀹𒍻𒀹𒀹𒀹𒀹𒍻𒀹𒍻𒍻𒁹𒌋;𒀹𒀹𒍻𒍻𒀹𒀹𒍻𒍻𒀹𒀹𒀹𒀹𒍻𒍻𒀹𒀹𒍻𒍻𒀹𒀹𒁹𒌋
𒋠,𒀸𒁹𒀸𒀸𒀸𒀸𒀸𒁹𒀹𒀸𒁹;𒀸𒁹𒀸𒀸𒀸𒀸𒀸𒀸𒁹𒀹𒁹;𒁹𒀸𒀸𒀸𒀸𒁹𒀹𒁹𒀹𒀸𒀸𒀸;𒁹𒀸𒀸𒀸𒀸𒁹𒁹𒀹𒀹𒀸𒀸𒀸
𒋡,𒀹𒍻𒁹;𒀸𒀹𒁹;𒀹𒀸𒁹;𒀸𒁹𒀹
𒋢,𒍻𒀹𒀸𒀸𒁹𒁹𒁹𒁹𒁹;𒍻𒀸𒀸𒁹𒁹𒁹𒁹𒀹𒁹;𒀸𒀸𒀸𒀸𒁹𒁹𒁹𒁹𒁹;𒀸𒀸𒀸𒁹𒁹𒁹𒁹𒀸𒁹;𒀸𒀸𒀸𒀸𒁹𒁹
𒋤,𒀹𒍻𒀹𒍻𒀸𒁹𒁹𒁹𒁹;𒀹𒀹𒀹𒀹𒀸𒁹𒁹𒁹
𒋥,𒀸𒁹𒁹𒀸
𒋦,𒌋𒌋𒌋𒀹𒀹𒍻𒍻𒁹𒁹𒁹𒁹𒁹𒁹𒁹𒁹𒌋;𒌋𒌋𒌋𒀹𒀹𒁹𒁹𒁹𒁹𒁹𒁹𒁹𒁹𒍻𒍻𒌋;𒀹𒀹𒀹𒀹𒌋𒀹𒀸𒀸𒍻𒀹𒀹𒀹𒀹;𒀹𒀹𒀹𒀹𒌋𒀸𒀸𒀹𒍻𒀹𒀹𒀹𒀹
𒋧,𒌋𒌋𒌋𒌋𒌋𒌋𒌋𒌋𒌋𒌋;𒀸𒀸𒀸𒀸𒀸𒁹𒁹
𒋨,𒌋𒌋𒀹𒍻𒀸𒁹𒁹𒁹𒁹𒁹𒁹𒁹𒁹𒌋;𒌋𒌋𒀹𒀸𒍻𒁹𒁹𒁹𒁹𒁹𒁹𒁹𒁹𒌋;𒌋𒌋𒀹𒀸𒁹𒁹𒁹𒁹𒁹𒁹𒁹𒁹𒍻𒌋
𒋩,𒀸𒁹𒁹𒁹🝯;𒀸𒁹𒁹𒁹𒁹
𒋪,𒀸𒀸𒁹𒁹𒁹𒁹𒀸𒍻𒀹𒀹𒀹🝯;𒀸𒀸𒁹𒁹𒁹𒁹𒀸𒍻𒀹𒀹𒀹𒁹;𒀸𒁹𒁹𒁹𒁹𒀸𒀸𒍻𒀹𒀹𒀹🝯;𒀸𒁹𒁹𒁹𒁹𒀸𒀸𒍻𒀹𒀹𒀹𒁹
𒋫,𒀸𒀸𒁹𒀹𒍻𒁹;𒀸𒀸𒀹𒍻𒁹;𒀸𒀹𒀸𒍻𒁹;𒀸𒀸𒀸𒀸𒁹𒁹𒁹
𒋬,𒀸𒌋𒀸𒁹𒁹𒁹
𒋭,𒀸𒀸𒁹𒀹𒍻𒁹𒍻𒀹𒀹𒍻;𒀸𒀸𒀹𒍻𒁹𒍻𒀹𒀹𒍻;𒀸𒀹𒀸𒍻𒁹𒍻𒀹𒀹𒍻;𒀸𒀸𒀹𒀹𒀹𒀹𒁹
𒋮,𒀸𒀸𒁹𒀹𒍻𒁹𒌋𒀸𒀸𒀸𒀸𒀸𒀸𒀸𒀸;𒀸𒀸𒀹𒍻𒁹𒌋𒀸𒀸𒀸𒀸𒀸𒀸𒀸𒀸;𒀸𒀹𒀸𒍻𒁹𒌋𒀸𒀸𒀸𒀸𒀸𒀸𒀸𒀸
𒋯,𒀸𒀸𒁹𒀹𒍻𒁹𒁹𒁹𒁹𒁹𒁹𒁹𒁹𒁹;𒀸𒀸𒀹𒍻𒁹𒁹𒁹𒁹𒁹𒁹𒁹𒁹𒁹;𒀸𒀹𒀸𒍻𒁹𒁹𒁹𒁹𒁹𒁹𒁹𒁹𒁹;𒀸𒀸𒀸𒀸𒁹𒁹𒌋𒀸𒀸𒀸𒀸𒁹
𒋰,𒀸𒀸
𒋱,𒀸𒀸𒀹𒍻𒁹𒁹𒁹𒀸𒀸𒀹𒍻𒁹𒁹𒁹;𒀸𒀸𒀸𒀸𒀹𒍻𒁹𒁹𒀹𒍻𒁹𒁹𒁹𒁹
𒋲,𒀸𒀸𒁹𒁹𒁹𒁹𒀸𒀸;𒁹𒁹𒀸𒀸𒁹𒁹𒀸𒀸
𒋳,𒀸𒀸𒁹𒁹𒀹𒍻𒀹𒍻𒁹𒁹𒁹𒁹;𒀸𒀸𒀸𒀸𒀹
𒋵,𒀸𒀸𒁹𒁹𒀹𒍻𒀹𒍻𒁹𒁹𒁹𒁹𒀸𒀸𒁹𒀹𒍻;𒀸𒀸𒁹𒁹𒀹𒍻𒀹𒍻𒀸𒀸𒁹𒀹𒍻𒁹𒁹𒁹𒁹
𒋷,𒀸𒀸𒁹𒁹𒀹𒍻𒀹𒍻𒁹𒁹𒁹𒁹𒀸𒀸𒀸𒀸𒀸𒁹;𒀸𒀸𒁹𒁹𒀹𒍻𒀹𒍻𒀸𒀸𒀸𒀸𒀸𒁹𒁹𒁹𒁹𒁹
𒋸,𒀸𒀸𒁹𒁹𒀹𒍻𒀹𒍻𒁹𒁹𒁹𒁹𒀸𒁹𒀸𒀸𒀸𒁹;𒀸𒀸𒁹𒁹𒀹𒍻𒀹𒍻𒀸𒁹𒀸𒀸𒀸𒁹𒁹𒁹𒁹𒁹
𒋹,𒀸𒀸𒁹𒁹𒀹𒍻𒀹𒍻𒁹𒁹𒁹𒁹𒍻𒀹𒀹🝯;𒀸𒀸𒁹𒁹𒀹𒍻𒀹𒍻𒍻𒀹𒀹🝯𒁹𒁹𒁹𒁹
𒋺,𒁹𒁹𒁹𒁹𒁹𒁹𒀹𒀸;𒁹𒁹𒀸𒁹𒁹𒁹𒁹𒀹;𒀸𒀹𒁹𒁹𒁹𒁹𒁹𒁹𒁹𒁹
𒋻,𒀹𒀹𒁹;𒀸𒀸𒀹
𒋼,𒍻𒀹𒀹𒍻𒁹𒁹;𒍻𒀹𒁹𒀹𒍻𒁹;𒀹𒀹𒀹𒀹𒁹
𒋽,𒍻𒀹𒀹𒍻𒀸𒀸𒀸𒀸𒁹𒁹;𒍻𒀹𒀸𒀸𒀸𒀸𒁹𒀹𒍻𒁹;𒀸𒀸𒀸𒀸𒀸𒀸𒀸𒁹
𒋾,𒀸𒌋𒁹𒀸𒌋;𒀸𒌋𒁹𒌋
𒌀,𒀸𒀹;𒀸𒌋
𒌁,𒌋𒌋𒌋𒌋𒌋𒌋𒌋𒌋𒌋𒌋𒀸𒁹𒁹𒁹𒁹𒀸𒁹𒁹𒁹𒁹𒁹𒁹;𒌋𒌋𒌋𒌋𒌋𒀸𒁹𒁹𒁹𒁹𒁹𒌋𒌋𒌋𒌋𒌋𒀸𒁹𒁹𒁹𒁹𒁹;𒌋𒌋𒌋𒌋𒌋𒌋𒌋𒌋𒌋𒌋𒀸𒀸𒁹𒁹𒁹𒁹𒁹𒁹𒁹𒁹𒁹𒁹;𒀹𒀹𒀹𒀹𒀹𒀸𒀸𒁹𒁹𒁹𒁹𒁹𒁹𒁹𒁹
𒌃,𒌋𒌋𒌋𒌋𒌋𒌋𒌋𒌋𒌋𒌋𒀸𒁹𒁹𒁹𒁹𒀸𒁹𒁹𒁹𒁹𒁹𒁹𒌋𒌋𒌋𒌋𒌋𒌋𒌋𒌋𒌋𒌋𒀸𒁹𒁹𒁹𒁹𒀸𒁹𒁹𒁹𒁹𒁹𒁹;𒌋𒌋𒌋𒌋𒌋𒀸𒁹𒁹𒁹𒁹𒁹𒌋𒌋𒌋𒌋𒌋𒀸𒁹𒁹𒁹𒁹𒁹𒌋𒌋𒌋𒌋𒌋𒀸𒁹𒁹𒁹𒁹𒁹𒌋𒌋𒌋𒌋𒌋𒀸𒁹𒁹𒁹𒁹𒁹;𒌋𒌋𒌋𒌋𒌋𒌋𒌋𒌋𒌋𒌋𒀸𒀸𒁹𒁹𒁹𒁹𒁹𒁹𒁹𒁹𒁹𒁹𒌋𒌋𒌋𒌋𒌋𒌋𒌋𒌋𒌋𒌋𒀸𒀸𒁹𒁹𒁹𒁹𒁹𒁹𒁹𒁹𒁹𒁹;𒀹𒀹𒀹𒀹𒀹𒀸𒀸𒁹𒁹𒁹𒁹𒁹𒁹𒁹𒁹𒀹𒀹𒀹𒀹𒀹𒀸𒀸𒁹𒁹𒁹𒁹𒁹𒁹𒁹𒁹
𒌄,𒌋𒌋𒌋𒌋𒌋𒌋𒌋𒌋𒌋𒌋𒀸𒁹𒁹𒁹𒁹𒀸𒁹𒁹𒁹𒁹𒁹𒁹𒌋𒌋𒌋𒌋𒌋𒌋𒌋𒌋𒌋𒌋𒀸𒁹𒁹𒁹𒁹𒀸𒁹𒁹𒁹𒁹𒁹𒁹𒍻𒀹𒁹𒁹𒁹𒁹🝯𒍻𒀹𒁹𒁹𒁹𒁹🝯;𒌋𒌋𒌋𒌋𒌋𒀸𒁹𒁹𒁹𒁹𒁹𒌋𒌋𒌋𒌋𒌋𒀸𒁹𒁹𒁹𒁹𒁹𒌋𒌋𒌋𒌋𒌋𒀸𒁹𒁹𒁹𒁹𒁹𒌋𒌋𒌋𒌋𒌋𒀸𒁹𒁹𒁹𒁹𒁹𒍻𒀹𒁹𒁹𒁹𒁹🝯𒍻𒀹𒁹𒁹𒁹𒁹🝯;𒌋𒌋𒌋𒌋𒌋𒌋𒌋𒌋𒌋𒌋𒀸𒀸𒁹𒁹𒁹𒁹𒁹𒁹𒁹𒁹𒁹𒁹𒌋𒌋𒌋𒌋𒌋𒌋𒌋𒌋𒌋𒌋𒀸𒀸𒁹𒁹𒁹𒁹𒁹𒁹𒁹𒁹𒁹𒁹𒍻𒀹𒁹𒁹𒁹𒁹🝯𒍻𒀹𒁹𒁹𒁹𒁹🝯;𒌋𒌋𒌋𒌋𒌋𒌋𒌋𒌋𒌋𒌋𒀸𒁹𒁹𒁹𒁹𒀸𒁹𒁹𒁹𒁹𒁹𒁹𒌋𒌋𒌋𒌋𒌋𒌋𒌋𒌋𒌋𒌋𒀸𒁹𒁹𒁹𒁹𒀸𒁹𒁹𒁹𒁹𒁹𒁹𒍻𒀹𒁹𒍻𒀹𒁹𒁹𒁹𒁹🝯𒁹𒁹𒁹🝯;𒌋𒌋𒌋𒌋𒌋𒀸𒁹𒁹𒁹𒁹𒁹𒌋𒌋𒌋𒌋𒌋𒀸𒁹𒁹𒁹𒁹𒁹𒌋𒌋𒌋𒌋𒌋𒀸𒁹𒁹𒁹𒁹𒁹𒌋𒌋𒌋𒌋𒌋𒀸𒁹𒁹𒁹𒁹𒁹𒍻𒀹𒁹𒍻𒀹𒁹𒁹𒁹𒁹🝯𒁹𒁹𒁹🝯;𒌋𒌋𒌋𒌋𒌋𒌋𒌋𒌋𒌋𒌋𒀸𒀸𒁹𒁹𒁹𒁹𒁹𒁹𒁹𒁹𒁹𒁹𒌋𒌋𒌋𒌋𒌋𒌋𒌋𒌋𒌋𒌋𒀸𒀸𒁹𒁹𒁹𒁹𒁹𒁹𒁹𒁹𒁹𒁹𒍻𒀹𒁹𒍻𒀹𒁹𒁹𒁹𒁹🝯𒁹𒁹𒁹🝯
𒌅,𒌋𒌋𒌋𒌋𒌋𒌋𒌋𒌋𒌋𒌋𒍻𒀹𒀹𒍻𒁹;𒀸𒀸𒀸𒀸𒀸𒀸𒀸𒁹
𒌆,𒀸𒁹𒀸𒀸𒀸𒁹;𒁹𒀸𒀸𒀸𒀸𒁹
𒌇,𒁹𒀸𒁹𒀹𒍻;𒁹𒁹𒀸𒀸
𒌈,𒀸𒌋𒀸𒌋𒁹𒁹𒁹𒁹𒀸𒍻𒀹𒀸;𒀸𒌋𒀸𒁹𒁹𒁹𒁹𒌋𒀸𒍻𒀹𒀸;𒀸𒌋𒀸𒌋𒁹𒁹𒁹𒁹𒀸🝯𒀹𒀸;𒀸𒌋𒀸𒁹𒁹𒁹𒁹𒌋𒀸🝯𒀹𒀸;𒀸𒌋𒀸𒌋𒁹𒁹𒁹𒁹𒀸𒀹𒀸;𒀸𒌋𒀸𒁹𒁹𒁹𒁹𒌋𒀸𒀹𒀸;𒀸𒌋𒀸𒀸𒁹𒀸𒀸𒀸;𒀸𒌋𒀸𒁹𒀸𒀸𒀸𒀸
𒌉,𒁹𒀹𒀹𒍻𒍻𒀸𒀸;𒀸𒀸𒀸𒀸𒀸𒁹
𒌊,𒁹𒀹𒀹𒍻𒍻𒀸𒀸𒁹𒀹𒀹𒍻𒍻𒀸𒀸𒁹𒁹𒁹𒁹𒁹𒁹𒁹𒁹;𒁹𒀹𒀹𒍻𒍻𒀸𒀸𒁹𒁹𒁹𒁹𒁹𒀹𒀹𒍻𒍻𒀸𒀸𒁹𒁹𒁹𒁹
𒌋,𒌋
𒌌,𒌋𒀸𒀸𒁹𒀹𒍻;𒌋𒀸𒀸𒁹𒀹𒀹
𒌍,𒌋𒌋𒌋
𒌎,𒌋𒀸𒀸𒁹𒁹𒁹𒁹🝯𒌋𒀸𒀸𒁹𒁹𒁹𒁹🝯;𒌋𒌋𒀸𒀸𒁹𒀸𒀸𒁹𒁹𒁹𒁹🝯𒁹𒁹𒁹🝯
𒌏,𒌋𒀸𒁹𒁹𒁹🝯𒌋𒀸𒁹𒁹𒁹🝯;𒌋𒌋𒀸𒁹𒁹𒁹🝯
𒌐,𒌋𒌋𒌋𒌋
𒌑,𒀸𒀸𒁹𒁹𒁹𒁹;𒀸𒀸𒁹𒁹𒁹𒀸𒀸
𒌒,𒍻𒀹𒀹𒍻𒁹.𒍻𒀹𒁹𒀹𒍻;𒀸𒀸𒁹𒀹𒀹𒀸𒀸
𒌓,𒍻𒀹𒀹🝯;𒀹𒀹𒁹
𒌔,𒍻𒀹𒀹🝯𒁹𒀹𒍻𒀸𒌋𒁹;𒍻𒀹𒀹🝯𒁹𒀹𒀸𒍻𒌋𒁹;𒀹𒀹𒁹𒁹𒀹𒀹𒀸𒌋𒁹
𒌖,𒍻𒀹𒌋𒀸𒀸𒀸𒀸𒀸𒀸𒀸𒀸𒀹🝯;𒍻𒀹𒀹🝯𒌋𒀸𒀸𒀸𒀸𒀸𒀸𒀸𒀸
𒌗,𒍻𒀹𒀹🝯𒌋𒌋𒌋;𒍻𒀹𒌋𒌋𒌋𒀹🝯;𒀸𒀸𒀸𒀸𒀸𒁹𒁹
𒌘,𒀸𒀸𒀸𒀸𒍻𒀹𒀹🝯𒌋𒌋𒌋;𒀸𒀸𒀸𒀸𒍻𒀹𒌋𒌋𒌋𒀹🝯;𒀸𒀸𒀸𒌋𒀸𒀸𒌋𒌋𒌋𒁹𒁹;𒀸𒀸𒀸𒌋𒀸𒌋𒌋𒌋𒀸𒁹𒁹
𒌙,𒀸𒀸𒀸𒀸𒍻𒀹𒀹🝯
𒌚,𒍻𒀹𒀹🝯𒌋𒌋𒌋𒌋
𒌛,𒍻𒀹𒀹🝯𒌋𒌋𒌋𒌋𒀸𒍻𒀹;𒍻𒀹𒀹🝯𒌋𒌋𒀸𒍻𒀹𒌋𒌋
𒌜,𒁹𒌋𒌋𒁹𒁹𒀸𒀸𒌋𒁹;𒁹𒀸𒁹𒁹𒀸𒌋𒀸𒁹𒀸𒀸𒀹𒁹;𒁹𒁹𒁹𒀸𒀸𒌋𒀸𒁹𒀸𒀸𒀹𒁹
𒌝,𒀸𒀸𒁹𒀸𒁹𒁹𒁹𒁹𒀸𒁹;𒀸𒀸𒀸𒀸𒁹𒁹𒁹
𒌟,𒀸𒀸𒁹𒀸𒁹𒁹𒁹𒁹𒀸𒁹𒁹𒀸𒀸𒀸𒀸𒀸𒀸𒀸𒀸𒁹𒀸𒌋𒁹;𒀸𒀸𒁹𒀸𒁹𒁹𒁹𒁹𒁹𒀸𒀸𒀸𒀸𒀸𒀸𒀸𒀸𒁹𒀸𒌋𒁹𒀸𒁹
𒌡,𒀸𒀸𒁹𒀸𒁹𒁹𒁹𒁹𒌋𒀸𒁹;𒀸𒀸𒁹𒀸𒀸𒁹𒁹𒁹𒁹𒁹𒌋
𒌢,𒍻𒀹𒁹𒀸𒀸𒀹𒀹𒀸𒀸𒁹𒁹𒁹𒁹𒁹𒁹𒀹𒀸;𒍻𒀹𒁹𒀸𒀹𒀸𒀸𒀹𒀸𒁹𒁹𒁹𒁹𒁹𒁹𒀹𒀸;𒍻𒀹𒁹𒀸𒀸𒀹𒀹𒁹𒁹𒁹𒁹𒁹𒀹𒀸𒀸𒀸𒁹;𒀸𒁹𒀹𒀸𒀹𒁹𒁹𒁹𒁹𒁹𒁹𒁹𒁹𒀸𒌋𒀸𒀸𒀸𒁹𒁹
𒌣,𒀸𒀸𒀸𒀸𒁹𒀸𒀸𒁹𒍻𒀹𒀹🝯;𒀸𒀸𒀸𒌋𒀸𒀸𒌋𒌋𒌋𒌋𒌋𒌋𒁹𒁹;𒀸𒀸𒌋𒀸𒀸𒌋𒌋𒌋𒌋𒌋𒌋𒀸𒁹𒁹
𒌤,𒀸𒀸𒀸𒀸𒁹𒀸𒀸𒁹𒍻𒀹𒀹🝯𒀹𒀹𒍻𒍻;𒀸𒀸𒀸𒀸𒁹𒀸𒀸𒁹𒍻𒀹𒀹🝯𒀹𒍻𒀹𒍻;𒀸𒀸𒀸𒀸𒁹𒀸𒀸𒁹𒍻𒀹𒀹𒀹𒍻𒍻𒀹🝯;𒀸𒀸𒀸𒀸𒁹𒀸𒀸𒁹𒍻𒀹𒀹𒍻𒀹𒍻𒀹🝯;𒀸𒀸𒀸𒌋𒀸𒀸𒌋𒌋𒌋𒌋𒌋𒌋𒁹𒁹;𒀸𒀸𒌋𒀸𒀸𒌋𒌋𒌋𒌋𒌋𒌋𒀸𒁹𒁹
𒌥,𒀸𒀸𒀸𒀸𒁹𒀸𒀸𒁹𒍻𒀹𒀹🝯𒀸𒀸𒁹;𒀸𒀸𒀸𒀸𒁹𒀸𒀸𒁹𒍻𒀹𒀸𒀸𒁹𒀹🝯
𒌧,𒁹𒀸𒀸𒀸𒀸𒁹𒁹𒁹𒁹𒁹𒀹🝯𒀸𒁹𒁹𒁹𒁹𒀹🝯;𒀸𒁹𒀸𒀸𒀸𒁹𒁹𒁹𒁹𒁹𒀹🝯𒀸𒁹𒁹𒁹𒁹𒀹🝯;𒁹𒀸𒀸𒀸𒀸𒁹𒁹𒁹𒁹𒁹𒁹𒁹𒀸𒁹𒁹𒁹𒁹𒁹𒁹;𒀸𒁹𒀸𒀸𒀸𒁹𒁹𒁹𒁹𒁹𒁹𒁹𒀸𒁹𒁹𒁹𒁹𒁹𒁹
𒌨,𒁹𒀸𒁹𒀸𒁹;𒁹𒁹𒀸𒀸𒁹;𒁹𒁹𒀸𒀸𒁹;𒁹𒀸𒁹𒀸𒁹
𒌩,𒁹𒀸𒁹𒀸𒁹𒁹𒀸𒁹𒀸𒁹;𒁹𒁹𒀸𒀸𒁹𒁹𒁹𒀸𒀸𒁹;🝯𒀹𒀹𒀹𒍻𒍻🝯𒀹𒀹🝯
𒌪,𒁹𒀸𒁹𒀸𒁹𒌋𒌋𒌋𒌋;𒁹𒁹𒀸𒀸𒁹𒌋𒌋𒌋𒌋;𒁹𒀸𒁹𒀸𒌋𒌋𒌋𒌋𒁹;𒁹𒁹𒀸𒀸𒌋𒌋𒌋𒌋𒁹
𒌫,𒁹𒀸𒀸𒀹𒀹𒀸𒀸𒁹;𒁹𒀸𒀹𒀸𒀸𒀹𒀸𒁹;𒀸𒌋𒀸𒀸𒀸𒁹
𒌬,𒁹𒀸𒀸𒀹𒀹𒀸𒀸𒁹𒁹𒁹𒁹𒁹𒁹𒌋𒁹𒁹𒌋;𒁹𒀸𒀹𒀸𒀸𒀹𒀸𒁹𒁹𒁹𒁹𒁹𒁹𒌋𒁹𒁹𒌋
𒌮,𒁹𒀸𒀸𒀹𒀹𒀸𒀸𒁹𒀸𒁹𒁹𒀸𒁹𒁹𒀹𒍻𒁹;𒁹𒀸𒀹𒀸𒀸𒀹𒀸𒁹𒀸𒁹𒁹𒀸𒁹𒁹𒀹𒍻𒁹
𒌯,𒁹𒀸𒀸𒀹𒀹𒀸𒀸𒁹𒁹𒁹𒌋𒁹𒁹𒌋;𒁹𒀸𒀹𒀸𒀸𒀹𒀸𒁹𒁹𒁹𒌋𒁹𒁹𒌋
𒌰,𒁹𒀸𒀸𒀹𒀹𒀸𒀸𒁹𒀸𒁹𒁹𒁹𒁹𒁹;𒁹𒀸𒀹𒀸𒀸𒀹𒀸𒁹𒀸𒁹𒁹𒁹𒁹𒁹
𒌱,𒁹𒀸𒀸𒀹𒀹𒀸𒀸𒁹𒀸𒀸𒁹𒁹𒁹𒁹;𒁹𒀸𒀹𒀸𒀸𒀹𒀸𒁹𒀸𒀸𒁹𒁹𒁹𒁹
𒌲,𒁹𒀸𒀸𒀹𒀹𒀸𒀸𒁹𒀸𒀸𒁹𒁹𒁹𒁹𒀸;𒁹𒀸𒀹𒀸𒀸𒀹𒀸𒁹𒀸𒀸𒁹𒁹𒁹𒁹𒀸
𒌴,𒁹𒁹𒁹𒀹𒍻;𒁹𒁹𒁹𒍻𒀹;𒁹𒁹𒁹𒀸𒀸;𒁹𒀸𒁹𒁹𒀸
𒌵,𒀸𒀸𒀸𒀸𒁹𒁹𒁹🝯𒀸𒀸𒀸𒀸𒁹𒁹𒁹🝯;𒀸𒀸𒀸𒀸𒀸𒀸𒀸𒀸𒁹𒁹𒁹🝯𒁹𒁹𒁹🝯;𒀸𒀸𒀸𒀸𒀸𒀸𒁹𒁹𒁹𒁹𒁹𒁹𒁹𒁹;𒀸𒁹𒁹𒁹𒁹𒀸𒀸𒀸𒀸𒀸𒁹𒁹𒁹𒁹
𒌶,𒀸🝯𒀹𒌋𒌋;🝯𒀹𒀸𒌋𒌋;𒀸𒀸𒀸𒀸𒀸𒀸𒌋𒀸𒌋𒁹𒁹𒁹;𒀸𒀸𒀸𒀸𒀸𒀸𒌋𒀸𒁹𒁹𒁹𒌋
𒌷,𒁹𒀸𒀸𒁹𒀸𒁹;𒀸𒀸𒁹𒁹𒁹𒀸;𒀸𒀸𒀸𒁹𒁹
𒌸,𒁹𒀸𒀸𒁹𒀸𒁹𒁹𒁹𒁹
𒌺,𒁹𒀸𒀸𒁹𒀸𒁹𒀸𒁹;𒀸𒀸𒀸𒁹𒀸𒁹𒁹
𒌼,𒁹𒀸𒀸𒁹𒀸𒁹𒁹𒀸𒀸𒀸𒀸𒀸𒀸𒁹𒀹𒍻𒁹𒁹𒁹;𒁹𒀸𒀸𒁹𒀸𒁹𒁹𒀸𒀸𒀸𒀸𒀸𒀸𒁹𒀹𒁹𒁹𒁹𒍻
𒌾,𒁹𒀸𒀸𒁹𒀸𒁹𒀹𒀹𒁹𒁹𒁹𒁹𒁹
𒌿,𒁹𒀸𒀸𒁹𒀸𒁹𒁹𒁹𒁹🝯;𒀸𒀸𒀸𒁹𒁹𒁹𒁹𒁹𒁹
𒍀,𒁹𒀸𒀸𒁹𒀸𒁹𒀹𒍻𒁹𒁹𒀸𒌋𒌋;𒁹𒀸𒀸𒁹𒀸𒁹𒀹𒁹𒁹𒍻𒀸𒌋𒌋;𒀸𒀸𒀸𒁹𒁹𒀹𒀹𒀸𒀹𒀹𒁹
𒍁,𒁹𒀸𒀸𒁹𒀸𒁹𒁹𒁹𒌋𒁹𒁹𒌋
𒍂,𒁹𒀸𒀸𒁹𒀸𒁹𒌋𒁹𒀸;𒀸𒀸𒀸𒁹𒌋𒁹𒀸𒁹
𒍇,𒁹𒀸𒀸𒁹𒀸𒁹𒁹𒁹;𒀸𒀸𒀸𒁹𒁹𒁹
𒍋,𒁹𒀸𒀸𒁹𒀸𒁹𒌋𒌋𒌋𒌋𒌋𒌋𒌋𒌋𒌋𒌋𒍻𒀹𒀹𒍻𒁹
𒍌,𒁹𒀸𒀸𒁹𒀸𒁹𒌋𒀸𒀸𒁹𒀹𒍻
𒍍,𒁹𒀸𒀸𒁹𒀸𒁹𒍻𒀹𒀹🝯;𒀸𒀸𒀸𒁹𒀹𒀹𒁹𒁹
𒍎,𒁹𒀸𒀸𒁹𒀸𒁹𒀸𒀸𒁹𒀸𒀸𒁹;𒀸𒀸𒀸𒁹𒀸𒀸𒀸𒀸𒌋𒁹𒁹;𒀸𒀸𒀸𒁹𒀸𒀸𒌋𒀸𒀸𒁹𒁹
𒍏,𒁹𒀸𒀸𒁹𒀸𒀸𒁹;𒀸𒀸𒀸𒀸𒌋𒁹;𒀸𒀸𒀸𒌋𒀸𒁹
𒍐,𒁹𒀸𒀸𒁹𒀸𒀸𒁹𒌋;𒁹𒀸𒀸𒁹𒀸𒀸𒌋𒁹;𒀸𒀸𒀸𒀸𒌋𒁹;𒀸𒀸𒌋𒀸𒀸𒁹
𒍑,𒀸𒀸𒁹𒁹𒌋𒁹;𒀸𒀸𒌋𒁹𒁹𒁹;𒀸𒌋𒀸𒁹𒁹𒁹
𒍒,𒀸𒁹𒁹𒁹𒀸𒁹𒁹𒌋𒁹;𒀸𒁹𒁹𒁹𒀸𒌋𒁹𒁹𒁹;𒀸𒌋𒀸𒁹𒁹𒁹𒁹𒁹
𒍓,𒀸𒀸𒁹𒁹𒌋𒀸𒁹𒀸𒀸𒁹𒁹;𒀸𒀸𒌋𒁹𒁹𒀸𒁹𒀸𒀸𒁹𒁹
𒍕,𒀸𒀸𒁹𒁹𒌋𒁹𒁹𒁹𒁹𒁹𒀹𒀸𒁹;𒀸𒀸𒌋𒁹𒁹𒁹𒁹𒁹𒁹𒁹𒀹𒀸𒁹;𒀸𒀸𒁹𒁹𒌋𒁹𒁹𒀸𒁹𒁹𒁹𒀹𒁹;𒀸𒀸𒌋𒁹𒁹𒁹𒁹𒀸𒁹𒁹𒁹𒀹𒁹
𒍗,𒀸𒌋
𒍙,𒀸𒀹𒀹𒁹𒁹𒁹𒍻𒀸𒌋𒁹;𒀸𒀹𒀹𒍻𒁹𒁹𒁹𒀸𒌋𒁹;𒀸𒀹𒀹𒁹𒁹𒁹𒍻𒀸𒁹𒌋;𒀸𒀹𒀹𒍻𒁹𒁹𒁹𒀸𒁹𒌋
𒍚,𒀸𒀸𒁹𒁹𒁹𒁹𒀸𒍻𒀹;𒀸𒀸𒀸𒁹𒁹𒁹𒁹𒍻𒀹;𒀸𒁹𒁹𒁹𒁹𒀸𒀸𒍻𒀹;𒀸𒁹𒁹𒁹𒁹𒀸𒀸𒍻𒀹;𒀸𒀸𒁹𒁹𒁹𒀸𒀸𒀸𒀸𒀹𒀹
𒍛,𒀸𒀸𒁹𒁹𒁹𒁹𒀸𒍻𒀹𒀹𒀹𒍻𒍻;𒀸𒀸𒀸𒁹𒁹𒁹𒁹𒍻𒀹𒀹𒀹𒍻𒍻;𒀸𒁹𒁹𒁹𒁹𒀸𒀸𒍻𒀹𒀹𒀹𒍻𒍻;𒀸𒁹𒁹𒁹𒁹𒀸𒀸𒍻𒀹𒀹𒀹𒍻𒍻
𒍜,𒍻𒀹𒀹𒍻𒀹𒍻𒌋𒌋𒌋𒌋𒌋𒀹𒀹𒁹𒁹𒁹𒁹𒍻𒍻𒌋𒌋𒌋𒌋𒌋;𒍻𒀹𒀹𒍻𒀹𒍻𒌋𒌋𒌋𒌋𒌋𒀹𒀹𒍻𒁹𒁹𒁹𒁹𒍻𒌋𒌋𒌋𒌋𒌋;𒀸𒀸𒀹𒀹𒀹𒀹𒀸𒌋
𒍝,𒁹𒁹𒁹𒁹
𒍞,𒀹𒀹𒀹𒀹
𒍟,𒀸𒀸𒀸𒀸𒁹𒁹𒁹𒁹𒌋𒌋𒌋𒁹𒁹𒁹𒁹𒀸𒀸𒀸𒀸
𒍠,𒀸𒀸𒀸𒀸𒀹🝯𒀸𒁹𒁹𒁹𒁹𒀸🝯𒀹;𒁹𒁹𒁹𒁹𒁹𒁹𒁹𒌋;𒁹𒁹𒁹𒁹𒁹𒁹𒌋𒁹
𒍢,𒀸𒀸𒁹𒁹𒍻𒀹𒀸𒀸𒁹𒁹;𒀸𒀸𒁹𒁹𒍻𒀸𒀸𒁹𒁹𒀹;𒀸𒀸𒀸𒀸𒀸𒁹𒁹
𒍣,𒁹𒀸𒀸𒌋𒌋𒌋𒌋𒌋𒌋𒌋𒌋𒌋𒌋;𒀸𒁹𒁹𒀹𒀹𒀹𒀹
𒍤,𒁹𒀸𒀸𒌋𒌋𒌋𒌋𒌋𒌋𒌋𒌋𒌋𒌋𒁹𒀸𒀸𒌋𒌋𒌋𒌋𒌋𒌋𒌋𒌋𒌋𒌋;𒁹𒀸𒀸𒁹𒀸𒀸𒌋𒌋𒌋𒌋𒌋𒌋𒌋𒌋𒌋𒌋;𒀸𒀹𒁹𒁹𒁹𒁹𒀹𒀹𒀹𒀹𒀹𒀹𒀹𒀹
𒍥,𒀸𒀹𒀸𒀸𒀸𒀸𒀸𒀹𒀸𒀹;𒁹𒀸𒀸𒀸𒀸𒁹
𒍦,𒀹𒀹𒀹𒀹;𒀹𒀹𒀹
𒍧,𒀺𒀺𒀺𒀺
𒍨,𒀸𒀸𒌋𒀸𒌋𒌋𒌋𒀸
𒍩,𒀸𒀸𒀸𒀸🝯𒀹;𒀸𒀸𒀸𒁹
𒍪,𒍻𒀹𒀸𒁹𒁹𒁹𒁹𒁹;𒍻𒀸𒁹𒁹𒁹𒁹𒀹𒁹;𒀸𒀸𒀸𒁹𒁹
𒍫,𒁹𒀸𒀸𒁹𒁹𒁹𒁹𒍻𒀹𒁹𒁹𒁹𒁹𒁹𒁹𒀸;𒀸𒀸𒌋𒀸𒀸𒀸𒁹𒁹𒁹;𒀸𒀸𒌋𒀸𒀸𒁹𒁹𒁹𒀸
𒍬,𒁹𒀸𒀸𒁹𒁹𒁹𒁹𒍻𒀹𒁹𒁹𒁹𒁹𒁹𒁹𒀸𒁹𒁹𒁹;𒀸𒀸𒌋𒀸𒀸𒀸𒁹𒁹𒁹;𒀸𒀸𒌋𒀸𒀸𒁹𒁹𒁹𒀸
𒍭,𒀺𒀺𒀺
𒍮,𒁹𒀹𒍻𒀸;𒁹𒀹𒀸𒍻;𒁹𒀹𒀹𒀸𒀸𒀸𒀸𒁹
𒍱,𒌋𒀹𒍻𒁹𒁹𒁹
𒍵,𒁹𒀸𒀸𒀸𒀸𒀸𒁹
𒍻,𒍻
𒍽,𒍻𒀹𒀹𒍻𒁹𒀸𒀸𒀸𒀹𒀸𒀸𒀸𒀸𒁹𒍻𒀹𒀹
𒎀,𒍻𒀹𒁹𒁹𒀹𒀹𒀹𒀹𒀸𒀸𒁹𒀸𒀸𒁹
𒎄,𒍻𒀹𒁹𒁹𒀹𒀹𒀹𒀹𒀸𒀸𒁹𒀸𒀸𒁹;𒍻𒀹𒁹𒁹𒀹𒀹𒀹𒀹𒀸𒀸𒁹𒁹𒀸𒀸
𒎆,𒍻𒀹𒁹𒁹𒀹𒀹𒀹𒀹𒀸𒀸𒁹𒌋𒌋𒌋𒌋𒌋𒌋𒌋𒌋𒌋𒍻𒀹𒀹𒍻𒁹
𒎇,𒍻𒀹𒁹𒁹𒀹𒀹𒀹𒀹𒀸𒀸𒁹𒁹𒀸𒀸𒀹𒀹𒀸𒀸𒁹;𒍻𒀹𒁹𒁹𒀹𒀹𒀹𒀹𒀸𒀸𒁹𒁹𒀸𒀹𒀸𒀸𒀹𒀸𒁹
𒎈,𒀸𒁹𒀸𒁹𒁹𒀹𒀸𒀹𒀹𒀹𒀹𒍻𒍻
𒎌,𒁹𒀸𒌋𒌋𒌋
𒎑,𒀸𒌋𒀸𒌋𒀸𒀸𒀸𒀸𒌋𒁹𒀸𒌋𒌋
𒎒,𒀸𒌋𒀸𒌋𒀸𒀸𒁹𒀹𒀸𒀹𒀹𒀹𒀹𒍻𒍻
𒎗,𒀹𒀹𒀹𒀹
𒎘,𒀸𒀸𒁹𒀸𒀸𒁹𒁹𒁹𒁹𒁹𒀸𒁹;𒀸𒀸𒀸𒁹𒀸𒁹𒁹𒁹𒁹𒁹𒁹𒀸
𒎙,𒌋𒌋
𒁒,𒀸𒁹𒌋𒀹𒀸𒌋𒀸𒁹𒌋𒀹𒀸𒌋
𒁜,𒁹𒁹𒁹𒁹𒀸𒀸𒀸𒀸𒀸𒀹🝯𒌋𒀹𒍻𒀸𒁹𒀸𒀸𒀸𒀸𒀸𒁹𒀹𒍻𒁹𒁹𒁹𒀸𒁹𒌋;𒁹𒀸𒁹𒀸𒁹𒀸𒁹𒀸𒀸𒀹🝯𒌋𒀹𒍻𒀸𒁹𒀸𒀸𒀸𒀸𒀸𒁹𒀹𒍻𒁹𒁹𒁹𒀸𒁹𒌋;𒀸𒀸𒁹𒁹𒁹𒁹𒁹𒌋𒀸𒌋𒀸𒀸𒀸𒁹𒁹𒁹𒀹𒀹;𒀸𒀸𒁹𒁹𒁹𒁹𒁹𒌋𒀸𒀸𒀸𒀸𒁹𒁹𒁹𒀹𒀹𒌋
𒁿,𒀸𒀸𒁹𒁹𒀸𒁹𒀸𒁹𒁹𒁹𒁹𒁹𒁹𒀸𒀸𒀸𒀸𒀸𒀸𒀸𒁹𒁹
𒂓,𒁹𒀸𒁹𒀸𒁹𒀸𒁹𒀸𒀸𒌋𒁹;𒁹𒁹𒁹𒁹𒀸𒀸𒀸𒀸𒀸𒌋𒁹
𒂜,𒀸𒁹𒁹𒌋𒀸𒀸𒀸𒀸𒁹𒌋𒀸𒁹𒁹𒌋𒀸𒀸𒀸𒀸𒁹𒌋
𒂥,𒁹𒀸𒀸𒁹𒀸𒀸𒁹𒀸𒀸𒁹𒁹𒀹𒀸𒍻;𒁹𒀸𒀸𒁹𒀸𒀸𒁹𒀸𒀸𒁹𒁹𒀸𒀹𒍻;𒁹𒀸𒀸𒁹𒀸𒀸𒁹𒀸𒀸𒁹𒀸𒁹𒀹𒍻
𒂧,𒁹𒀸𒀸𒁹𒀸𒀸𒁹𒀸𒀸𒁹𒀸𒁹𒀸𒁹𒁹𒁹𒁹𒁹𒀸𒁹
𒂨,𒁹𒀸𒀸𒁹𒀸𒀸𒁹𒀸𒀸𒁹𒀸𒀸𒀸𒁹𒀸𒀸𒁹𒁹𒁹𒁹𒁹𒀸𒁹
𒂪,𒁹𒀸𒀸𒁹𒀸𒀸𒁹𒀸𒀸𒁹𒀸𒀸𒀸𒀸𒁹𒁹𒌋𒁹𒁹𒌋
𒂹,𒀸𒀸𒁹𒁹𒁹𒁹𒁹𒁹𒁹𒌋𒁹𒁹𒌋
𒂻,𒀸𒀸𒁹𒁹𒁹𒌋𒀹𒍻𒀸𒀸
𒃀,𒀸𒀸𒁹𒁹𒁹𒁹𒀸𒁹𒀸𒀸𒀸𒁹𒀸𒁹𒀸𒁹;𒀸𒀸𒁹𒁹𒁹𒁹𒀸𒁹𒀸𒀸𒁹𒀸𒀸𒁹𒀸𒁹
𒃁,𒀸𒀸𒁹𒁹𒁹𒀸𒀸𒀸𒀸𒀸𒀸𒁹𒀹🝯
𒃇,𒀸𒀸𒁹𒁹𒁹𒁹𒀹𒍻𒀸𒀸𒁹𒀸𒁹;𒀸𒀸𒁹𒁹𒁹𒁹𒀹𒀸𒍻𒀸𒁹𒀸𒁹
𒃏,𒀸𒀸𒁹𒁹𒁹𒀸𒀸𒀸𒀸𒁹𒀹𒀸𒀹𒀹𒀹𒀹𒍻𒍻𒁹𒁹𒁹
𒃒,𒀸𒀸𒁹𒁹𒁹𒀸𒀹𒍻
𒃚,𒀸𒀸𒁹𒁹𒁹𒀸𒀸𒀸𒀸𒁹𒁹𒁹𒁹𒁹𒁹
𒃝,𒀸𒀸𒁹𒁹𒁹𒀸𒀸𒁹𒁹𒁹𒁹𒀸𒀸𒀸𒀸𒀸𒁹
𒃬,𒀸𒀸𒁹𒁹𒁹𒍻𒀹𒀹🝯𒀹𒌋𒀸𒀸𒁹;𒀸𒀸𒁹𒁹𒁹𒍻𒀹𒀹🝯𒀸𒌋𒀸𒀸𒁹
𒃭,𒀸𒀸𒁹𒁹𒁹𒀸𒀸𒁹𒁹𒁹
𒃯,𒀹𒀹𒍻𒍻𒌋𒌋𒌋𒌋𒌋𒌋𒌋𒌋𒌋𒌋𒌋𒌋;𒀹𒌋𒌋𒌋𒀹𒌋𒌋𒌋𒍻𒌋𒌋𒌋𒍻𒌋𒌋𒌋
𒄂,𒁹𒀹𒀸𒌋𒀹𒀹𒀹𒀹𒍻𒍻
𒄔,𒀸𒀸𒁹𒁹𒁹𒀸𒁹𒁹𒁹𒁹𒀹;𒀸𒀸𒁹𒁹𒁹𒁹𒁹𒁹𒁹𒀹𒀸
𒄚,𒀸𒀸𒁹𒁹𒍻𒀹𒀹𒍻𒁹𒀹𒍻𒁹𒀸𒀸𒀸𒀸𒌋𒁹𒀸
𒄜,𒀸𒀸𒁹𒁹𒍻𒀹𒀹𒍻𒁹𒁹𒀹𒍻𒀸𒁹𒀸𒀸𒀸𒀸𒁹
𒄰,𒍻𒀹𒀹𒍻𒀸𒌋;𒍻𒀹𒀸𒌋𒀹𒍻;𒀹𒀹𒀹𒀹𒀸𒌋
𒄹,𒁹𒀸𒁹𒍻𒀹𒌋𒁹𒁹𒀹𒀸𒍻;𒁹𒀸𒁹𒍻𒀹𒌋𒁹𒁹𒀸𒀹𒍻;𒁹𒀸𒁹𒍻𒀹𒌋𒁹𒀸𒁹𒀹𒍻;𒁹𒀸𒁹𒀹𒍻𒌋𒁹𒁹𒀹𒀸𒍻;𒁹𒀸𒁹𒀹𒍻𒌋𒁹𒁹𒀸𒀹𒍻;𒁹𒀸𒁹𒀹𒍻𒌋𒁹𒀸𒁹𒀹𒍻
𒄺,𒁹𒀸𒁹𒍻𒀹𒌋𒁹𒀸𒀹𒍻;𒁹𒀸𒁹𒀹𒍻𒌋𒁹𒀸𒀹𒍻
𒄻,𒁹𒀸𒁹𒍻𒀹𒌋𒁹𒀹𒀹𒍻𒍻;𒁹𒀸𒁹𒀹𒍻𒌋𒁹𒀹𒀹𒍻𒍻
𒄼,𒁹𒀸𒁹𒍻𒀹𒌋𒁹𒀹𒁹;𒁹𒀸𒁹𒀹𒍻𒌋𒁹𒀹𒁹
𒅄,𒀸𒀸𒀸𒀸𒁹𒁹𒁹𒁹𒁹𒁹𒁹𒁹𒀸𒀸𒀸𒀸
𒅑,𒍻𒀹𒀹𒍻𒁹𒁹𒍻𒀸𒁹𒁹𒍻𒀹𒀹𒍻𒁹𒁹𒍻𒀸𒁹𒁹;𒍻𒀹𒁹𒀹𒍻𒁹𒍻𒀸𒁹𒁹𒍻𒀹𒁹𒀹𒍻𒁹𒍻𒀸𒁹𒁹
𒅙,𒍻𒀹𒁹𒀹𒀹𒀹𒀹𒁹𒀸𒀸𒁹𒀸𒀸𒁹𒁹𒍻𒀹𒀹𒍻𒁹;𒍻𒀹𒁹𒀹𒀹𒀹𒀹𒁹𒀸𒀸𒁹𒀸𒀸𒁹𒁹𒀸𒀸𒀹𒍻𒁹
𒅟,𒍻𒀹𒁹𒀹𒀹𒀹𒀹𒁹𒀸𒀸𒁹𒀸𒀸𒁹𒁹𒁹𒁹𒀹𒍻
𒅣,𒍻𒀹𒁹𒀹𒀹𒀹𒀹𒁹𒀸𒀸𒁹𒀸𒀸𒀸𒀸𒁹𒀸
𒅧,𒍻𒀹𒁹𒀹𒀹𒀹𒀹𒁹𒀸𒀸𒁹𒁹𒀹𒀸𒀹𒀹𒀹𒀹𒍻𒍻
𒅩,𒍻𒀹𒁹𒀹𒀹𒀹𒀹𒁹𒀸𒀸𒁹𒀸𒀸𒌋𒌋𒌋𒌋𒌋𒌋𒀸𒁹𒀸𒁹
𒅱,𒍻𒀹𒁹𒀹𒀹𒀹𒀹𒁹𒀸𒀸𒁹𒀸𒀸𒀸𒀸𒁹𒁹𒁹𒁹𒁹𒁹
𒅳,𒍻𒀹𒁹𒀹𒀹𒀹𒀹𒁹𒀸𒀸𒁹𒁹𒀸𒁹𒀸𒁹𒀸;𒍻𒀹𒁹𒀹𒀹𒀹𒀹𒁹𒀸𒀸𒁹𒀸𒁹𒀸𒁹𒀸𒁹
𒅹,𒍻𒀹𒁹𒀹𒀹𒀹𒀹𒁹𒀸𒀸𒁹𒌋𒀸𒀸𒀸𒀸𒀸𒀸𒀸𒀸𒍻𒀹𒀹🝯𒁹𒍻𒀹𒀹🝯𒁹;𒍻𒀹𒁹𒀹𒀹𒀹𒀹𒁹𒀸𒀸𒁹𒌋𒀸𒀸𒀸𒀸𒀸𒀸𒀸𒀸𒍻𒀹𒁹𒀹🝯𒍻𒀹𒁹𒀹🝯
𒆅,𒍻𒀹𒁹𒀹𒀹𒀹𒀹𒁹𒀸𒀸𒁹𒌋𒌋𒌋𒀹𒀹𒍻𒍻𒁹𒁹𒁹𒁹𒁹𒁹𒁹𒁹𒌋
𒆆,𒍻𒀹𒁹𒀹𒀹𒀹𒀹𒁹𒀸𒀸𒁹𒀹𒀹𒁹
𒆊,𒍻𒀹𒁹𒀹𒀹𒀹𒀹𒁹𒀸𒀸𒁹𒀸𒀸𒀸𒀸𒁹𒀸𒀸𒁹𒍻𒀹𒀹🝯𒀸𒀸𒁹;𒍻𒀹𒁹𒀹𒀹𒀹𒀹𒁹𒀸𒀸𒁹𒀸𒀸𒀸𒀸𒁹𒀸𒀸𒁹𒍻𒀹𒀸𒀸𒁹𒀹🝯
𒆌,𒍻𒀹𒁹𒀹𒀹𒀹𒀹𒁹𒀸𒀸𒁹𒀸𒁹𒁹𒌋𒌋𒌋𒌋𒌋𒌋𒌋𒌋𒌋𒌋
𒆎,𒁹𒀸𒁹𒀸𒁹𒀸𒁹𒀸𒌋𒌋𒌋𒌋𒁹𒁹𒀸𒁹𒀸𒁹𒀸𒁹𒀸𒌋𒌋𒌋𒌋𒁹;𒁹𒀸𒌋𒌋𒁹𒀸𒁹𒀸𒁹𒀸𒌋𒌋𒁹𒁹𒀸𒌋𒌋𒁹𒀸𒁹𒀸𒁹𒀸𒌋𒌋𒁹;𒁹𒁹𒁹𒁹𒀸𒀸𒀸𒀸𒌋𒌋𒌋𒌋𒁹𒁹𒁹𒁹𒁹𒀸𒀸𒀸𒀸𒌋𒌋𒌋𒌋𒁹;𒁹𒁹𒁹𒁹𒀸𒌋𒌋𒀸𒀸𒀸𒌋𒌋𒁹𒁹𒁹𒁹𒁹𒀸𒌋𒌋𒀸𒀸𒀸𒌋𒌋𒁹;🝯𒀹🝯𒀹🝯𒀹🝯𒀹𒌋𒌋𒌋𒌋🝯𒀹𒍻𒀹𒍻𒀹𒍻𒀹𒍻𒌋𒌋𒌋𒌋𒀹
𒆔,𒀸𒀸𒀸𒀸𒀸𒁹𒀹𒍻𒁹𒀸𒀹𒀹𒀹𒀹𒀹𒀹𒌋𒌋𒁹𒀸𒀸𒀸𒀸𒀸𒁹𒀹𒍻𒁹𒀸𒀹𒀹𒀹𒀹𒀹𒀹𒌋𒌋𒁹
𒆖,𒀹𒍻𒁹𒀸𒀸𒀸𒀸𒌋𒁹𒀸;𒀹𒁹𒍻𒀸𒀸𒀸𒀸𒌋𒁹𒀸
𒆮,𒌋𒌋𒌋𒌋𒌋𒌋𒌋𒌋𒌋𒌋𒀸𒀸𒀹𒍻𒀸𒀸𒀸𒀸𒀸𒀸𒀸𒀸𒀸𒀸𒀸𒀹𒍻;𒀸𒀸𒀸𒀸𒀸𒀸𒀸𒁹
𒆶,𒀸𒀸𒀸𒁹𒀹𒍻𒀸𒀸𒁹𒁹𒁹𒁹𒀸𒍻𒀹;𒀸𒀸𒀸𒁹𒀹𒀸𒍻𒀸𒁹𒁹𒁹𒁹𒀸𒍻𒀹
𒇍,𒀸𒁹𒀸𒁹𒍻𒀹𒀹𒍻𒁹𒁹𒍻𒀸𒁹𒁹𒌋𒁹𒁹𒌋;𒀸𒁹𒀸𒁹𒍻𒀹𒁹𒀹𒍻𒁹𒍻𒀸𒁹𒁹𒌋𒁹𒁹𒌋
𒇎,𒀸𒁹𒀸𒁹𒍻𒀹𒀹𒍻𒁹𒁹𒍻𒀸𒁹𒀸𒁹𒀸𒁹𒀸;𒀸𒁹𒀸𒁹𒍻𒀹𒁹𒀹𒍻𒁹𒍻𒀸𒁹𒀸𒁹𒀸𒁹𒀸;𒀸𒁹𒀸𒁹𒍻𒀹𒀹𒍻𒁹𒁹𒍻𒀸𒀸𒁹𒀸𒁹𒀸𒁹;𒀸𒁹𒀸𒁹𒍻𒀹𒁹𒀹𒍻𒁹𒍻𒀸𒀸𒁹𒀸𒁹𒀸𒁹
𒇢,𒀸𒁹𒀸𒁹𒀸𒁹𒁹𒀸𒀹𒍻𒀹𒍻𒁹𒁹𒁹𒁹
𒇱,🝯𒀹𒀹🝯𒁹𒀸𒀸𒀸𒌋𒁹𒁹𒁹𒁹;🝯𒀹𒁹𒀸𒀸𒀹🝯𒀸𒌋𒁹𒁹𒁹𒁹;🝯𒀹𒀹🝯𒀸𒀸𒁹𒀸𒌋𒁹𒁹𒁹𒁹;🝯𒀹𒀸𒀸𒁹𒀹🝯𒀸𒌋𒁹𒁹𒁹𒁹;🝯𒀹𒀹🝯𒁹𒀸𒀸𒀸𒁹𒁹𒁹𒁹𒌋;🝯𒀹𒁹𒀸𒀸𒀹🝯𒀸𒁹𒁹𒁹𒁹𒌋;🝯𒀹𒀹🝯𒀸𒀸𒁹𒀸𒁹𒁹𒁹𒁹𒌋;🝯𒀹𒀸𒀸𒁹𒀹🝯𒀸𒁹𒁹𒁹𒁹𒌋
𒇶,𒀹𒀹𒁹𒁹𒁹𒁹𒍻𒍻𒁹𒀹𒀹𒀹𒀸𒀹🝯𒀹🝯𒀸;𒀹𒀹𒁹𒁹𒁹𒁹𒍻𒍻𒁹𒀹𒀹𒀹𒀸𒀹𒀹🝯🝯𒀸
𒈇,𒁹𒀹𒀹𒍻𒀹𒁹𒁹𒁹𒀸𒀹𒁹𒌋𒁹𒌋𒁹𒌋𒀸;𒁹𒍻𒀹𒀹𒀹𒁹𒁹𒁹𒀸𒀹𒁹𒌋𒁹𒌋𒁹𒌋𒀸;𒁹𒀹𒀹𒍻𒁹𒁹𒁹𒀹𒀸𒀹𒁹𒌋𒁹𒌋𒁹𒌋𒀸;𒁹𒍻𒀹𒀹𒁹𒁹𒁹𒀹𒀸𒀹𒁹𒌋𒁹𒌋𒁹𒌋𒀸
𒈉,𒁹𒀹𒀹𒍻𒀹𒁹𒁹𒁹𒀸𒀸𒁹𒁹𒁹𒁹𒀸𒀸𒀸𒀸𒀸𒁹𒀸;𒁹𒍻𒀹𒀹𒀹𒁹𒁹𒁹𒀸𒀸𒁹𒁹𒁹𒁹𒀸𒀸𒀸𒀸𒀸𒁹𒀸;𒁹𒀹𒀹𒍻𒁹𒁹𒁹𒀹𒀸𒀸𒁹𒁹𒁹𒁹𒀸𒀸𒀸𒀸𒀸𒁹𒀸;𒁹𒍻𒀹𒀹𒁹𒁹𒁹𒀹𒀸𒀸𒁹𒁹𒁹𒁹𒀸𒀸𒀸𒀸𒀸𒁹𒀸
𒈍,𒁹𒀹𒀹𒍻𒀹𒁹𒁹𒁹𒀸𒁹𒍻;𒁹𒍻𒀹𒀹𒀹𒁹𒁹𒁹𒀸𒁹𒍻;𒁹𒀹𒀹𒍻𒁹𒁹𒁹𒀹𒀸𒁹𒍻;𒁹𒍻𒀹𒀹𒁹𒁹𒁹𒀹𒀸𒁹𒍻;𒁹𒀹𒀹𒍻𒀹𒁹𒁹𒁹𒁹𒀸𒍻;𒁹𒍻𒀹𒀹𒀹𒁹𒁹𒁹𒁹𒀸𒍻;𒁹𒀹𒀹𒍻𒁹𒁹𒁹𒀹𒁹𒀸𒍻;𒁹𒍻𒀹𒀹𒁹𒁹𒁹𒀹𒁹𒀸𒍻
𒈎,𒁹𒀹𒀹𒍻𒀹𒁹𒁹𒁹𒀸𒁹𒀸𒁹;𒁹𒍻𒀹𒀹𒀹𒁹𒁹𒁹𒀸𒁹𒀸𒁹;𒁹𒀹𒀹𒍻𒁹𒁹𒁹𒀹𒀸𒁹𒀸𒁹;𒁹𒍻𒀹𒀹𒁹𒁹𒁹𒀹𒀸𒁹𒀸𒁹
𒈚,𒀸𒀸𒀸𒀸𒁹𒀸𒁹𒀹𒀹𒍻𒀹𒁹𒁹𒁹𒌋𒌋𒌋𒌋;𒀸𒀸𒀸𒀸𒁹𒀸𒁹𒍻𒀹𒀹𒀹𒁹𒁹𒁹𒌋𒌋𒌋𒌋;𒀸𒀸𒀸𒀸𒁹𒀸𒁹𒀹𒀹𒍻𒁹𒁹𒁹𒀹𒌋𒌋𒌋𒌋;𒀸𒀸𒀸𒀸𒁹𒀸𒁹𒍻𒀹𒀹𒁹𒁹𒁹𒀹𒌋𒌋𒌋𒌋;𒀸𒀸𒀸𒀸𒀸𒀸𒀸𒀸𒀸𒁹𒀹𒀹
𒈡,𒀸𒁹𒀸𒀸𒁹𒁹𒁹𒁹𒁹𒁹𒁹𒀹𒀸;𒀸𒁹𒀸𒀸𒁹𒁹𒁹𒀸𒁹𒁹𒁹𒁹𒀹
𒈳,𒀹𒍻𒀹𒍻𒀸𒌋𒁹𒁹𒁹𒁹𒁹𒁹𒁹;𒀹𒍻𒀹𒍻𒀸𒁹𒁹𒁹𒁹𒁹𒁹𒁹𒌋
𒈴,𒀹𒍻𒀹𒍻𒀸𒌋𒁹𒁹𒁹𒁹𒀹𒀹𒀹;𒀹𒍻𒀹𒍻𒀸𒁹𒁹𒁹𒁹𒀹𒀹𒀹𒌋
𒈵,𒀹𒍻𒀹𒍻𒀸𒌋𒁹𒁹𒁹𒁹𒁹𒁹𒁹𒁹;𒀹𒍻𒀹𒍻𒀸𒁹𒁹𒁹𒁹𒁹𒁹𒁹𒁹𒌋
𒈼,𒁹𒀹𒀸🝯𒁹🝯𒀹𒀹🝯𒀸𒀸;𒁹𒀸𒀹🝯𒁹🝯𒀹𒀹🝯𒀸𒀸;𒁹𒀹𒀸🝯𒁹🝯𒀹𒀸𒀸𒀹🝯;𒁹𒀸𒀹🝯𒁹🝯𒀹𒀸𒀸𒀹🝯
𒉅,𒁹𒁹𒁹𒁹𒀸𒌋𒁹;𒁹𒁹𒀸𒁹𒁹𒌋𒁹;𒀸𒁹𒁹𒁹𒁹𒌋𒁹;𒀸𒁹𒌋𒁹𒀹𒀹𒁹𒁹
𒉟,𒀸𒌋𒀸𒌋𒀸𒀸𒀸𒀸𒌋𒁹𒁹𒁹;𒀸𒌋𒀸𒌋𒀸𒀸𒀸𒀸𒁹𒁹𒌋𒁹
𒋕,𒀸𒍻𒀹𒀹𒍻𒀹𒀸𒀸𒀸𒀸𒀸𒀸𒀹𒀸𒀸𒀸𒀸𒀸𒀸𒀸𒁹𒀹🝯𒀸𒍻𒀹𒀹𒍻𒀹𒀸𒀸𒀸𒀸𒀸𒀸𒀹𒀸𒀸𒀸𒀸𒀸𒀸𒀸𒁹𒀹🝯;𒀸𒍻𒀹𒀹𒀸𒀸𒀸𒀸𒀸𒀸𒀹𒀹𒍻𒀸𒀸𒀸𒀸𒀸𒀸𒀸𒁹𒀹🝯𒀸𒍻𒀹𒀹𒀸𒀸𒀸𒀸𒀸𒀸𒀹𒀹𒍻𒀸𒀸𒀸𒀸𒀸𒀸𒀸𒁹𒀹🝯
𒉨,𒀸𒁹𒁹𒁹𒁹𒁹𒍻𒀹𒁹𒁹𒀸𒀸𒌋𒁹𒁹𒁹;𒀸𒁹𒁹𒁹𒁹𒁹𒍻𒀹𒁹𒁹𒀸𒀸𒁹𒁹𒌋𒁹
𒉷,𒍻𒀹𒁹𒀹𒍻𒍻𒀹𒁹𒀹𒍻𒌋𒀹𒍻𒀸𒀸𒁹𒁹𒁹𒁹;𒍻𒀹𒀹𒍻𒁹𒍻𒀹𒀹𒍻𒁹𒌋𒀹𒍻𒀸𒀸𒁹𒁹𒁹𒁹
𒊘,𒍻𒀹𒁹𒁹𒀸𒀸𒁹𒀸𒀸𒁹𒁹𒁹𒀸𒁹𒁹𒁹𒁹𒁹𒁹
𒊛,𒍻𒀹𒁹𒁹𒀸𒀸𒁹𒀹𒀹𒀹
𒊡,𒍻𒀹𒁹𒁹𒀸𒀸𒁹𒀸𒀸
𒊫,𒀸𒀸𒀸𒀸𒁹𒀸𒁹𒀸𒀹𒍻𒀸𒍻𒀹𒁹𒁹𒁹𒁹𒁹;𒀸𒁹𒀸𒀸𒀸𒀸𒀸𒁹𒀹𒍻𒀸𒍻𒀹𒁹𒁹𒁹𒁹𒁹;𒀸𒀸𒀸𒀸𒁹𒀸𒁹𒀸𒀹𒀸𒍻𒍻𒀹𒁹𒁹𒁹𒁹𒁹;𒀸𒁹𒀸𒀸𒀸𒀸𒀸𒁹𒀹𒀸𒍻𒍻𒀹𒁹𒁹𒁹𒁹𒁹
𒊸,𒀸𒀸𒀸𒀸𒀸𒀸
𒋘,𒀹𒍻𒀸𒀸𒀸𒀸𒀸𒀸𒀸𒀸𒀸𒀸𒀸𒀸𒀸𒀹𒍻;𒀸𒀸𒀹𒍻𒀸𒀸𒀸𒀸𒀸𒀸𒀸𒀸𒀸𒀸𒀸𒀹𒍻;𒀸𒀹𒀸𒀸𒍻𒀸𒀸𒀸𒀸𒀸𒀸𒀸𒀸𒀸𒀸𒀹𒍻;𒀹𒀸𒀹𒀸𒀸𒍻𒀸𒍻𒀸𒀸𒀸𒀸𒀸𒀸𒀸𒀸𒀸
𒋣,𒍻𒀸𒀸𒁹𒁹𒁹𒁹𒀹𒁹𒍻𒀸𒀸𒁹𒁹𒁹𒁹𒀹𒁹;𒍻𒀹𒀸𒀸𒁹𒁹𒁹𒁹𒁹𒍻𒀹𒀸𒀸𒁹𒁹𒁹𒁹𒁹
𒋴,𒀸𒀸𒁹𒁹𒀹𒍻𒀹𒍻𒁹𒁹𒁹𒁹𒀸𒀸𒁹𒁹𒀹𒁹𒁹𒍻;𒀸𒀸𒁹𒁹𒀹𒍻𒀹𒍻𒁹𒁹𒁹𒁹𒀸𒀸𒁹𒁹𒁹𒁹𒀹𒍻
𒋶,𒀸𒀸𒁹𒁹𒀹𒍻𒀹𒍻𒁹𒁹𒁹𒁹𒌋𒌋𒌋𒌋𒌋𒌋𒌋𒌋𒌋𒌋
𒋿,𒀸𒌋𒁹𒀸𒌋;𒀹𒌋🝯𒀹𒌋
𒌂,𒌋𒌋𒌋𒌋𒌋𒌋𒌋𒌋𒌋𒌋𒀸𒁹𒁹𒁹𒁹𒀸𒁹𒁹𒁹𒁹𒁹𒁹𒁹𒁹𒁹𒁹𒁹𒁹𒀹𒀸;𒌋𒌋𒌋𒌋𒌋𒀸𒁹𒁹𒁹𒁹𒁹𒌋𒌋𒌋𒌋𒌋𒀸𒁹𒁹𒁹𒁹𒁹𒁹𒁹𒁹𒁹𒁹𒁹𒀹𒀸;𒌋𒌋𒌋𒌋𒌋𒌋𒌋𒌋𒌋𒌋𒀸𒀸𒁹𒁹𒁹𒁹𒁹𒁹𒁹𒁹𒁹𒁹𒁹𒁹𒁹𒁹𒁹𒁹𒀹𒀸;𒌋𒌋𒌋𒌋𒌋𒌋𒌋𒌋𒌋𒌋𒀸𒁹𒁹𒁹𒁹𒀸𒁹𒁹𒁹𒁹𒁹𒁹𒁹𒁹𒀸𒁹𒁹𒁹𒁹𒀹;𒌋𒌋𒌋𒌋𒌋𒀸𒁹𒁹𒁹𒁹𒁹𒌋𒌋𒌋𒌋𒌋𒀸𒁹𒁹𒁹𒁹𒁹𒁹𒁹𒀸𒁹𒁹𒁹𒁹𒀹;𒌋𒌋𒌋𒌋𒌋𒌋𒌋𒌋𒌋𒌋𒀸𒀸𒁹𒁹𒁹𒁹𒁹𒁹𒁹𒁹𒁹𒁹𒁹𒁹𒀸𒁹𒁹𒁹𒁹𒀹
𒌕,𒍻𒀹𒀹🝯𒀸𒍻𒀹;𒍻𒀹𒀸𒍻𒀹𒀹🝯
𒌞,𒀸𒀸𒁹𒀸𒁹𒁹𒁹𒁹𒀸𒁹𒀸𒁹𒀸𒁹
𒌠,𒀸𒀸𒁹𒀸𒁹𒁹𒁹𒁹𒀸𒁹🝯𒀹𒀹🝯𒀹🝯
𒌦,𒁹𒀸𒀸𒀸𒀸𒁹𒀹🝯𒀸𒁹𒁹𒁹𒁹𒀹🝯;𒁹𒀸𒀸𒀸𒀸𒁹𒁹𒁹𒀸𒁹𒁹𒁹𒁹𒁹𒁹;𒀸𒁹𒀸𒀸𒀸𒁹𒀹🝯𒀸𒁹𒁹𒁹𒁹𒀹🝯;𒀸𒁹𒀸𒀸𒀸𒁹𒁹𒁹𒀸𒁹𒁹𒁹𒁹𒁹𒁹;𒀸𒀸𒁹𒁹𒁹𒁹𒁹
𒌭,𒁹𒀸𒀸𒀹𒀹𒀸𒀸𒁹𒁹𒁹𒁹𒌋🝯𒀹𒀹🝯𒀸𒀸𒀸𒀸;𒁹𒀸𒀸𒀹𒀹𒀸𒀸𒁹𒁹𒁹𒁹𒌋🝯𒀹𒀸𒀸𒀸𒀸𒀹🝯;𒁹𒀸𒀸𒀹𒀹𒀸𒀸𒁹𒁹𒁹𒁹𒀸🝯𒀹𒀹🝯𒀸𒀸𒀸𒀸;𒁹𒀸𒀸𒀹𒀹𒀸𒀸𒁹𒁹𒁹𒁹𒀸🝯𒀹𒀸𒀸𒀸𒀸𒀹🝯;𒁹𒀸𒀹𒀸𒀸𒀹𒀸𒁹𒁹𒁹𒁹𒌋🝯𒀹𒀹🝯𒀸𒀸𒀸𒀸;𒁹𒀸𒀹𒀸𒀸𒀹𒀸𒁹𒁹𒁹𒁹𒌋🝯𒀹𒀸𒀸𒀸𒀸𒀹🝯;𒁹𒀸𒀹𒀸𒀸𒀹𒀸𒁹𒁹𒁹𒁹𒀸🝯𒀹𒀹🝯𒀸𒀸𒀸𒀸;𒁹𒀸𒀹𒀸𒀸𒀹𒀸𒁹𒁹𒁹𒁹𒀸🝯𒀹𒀸𒀸𒀸𒀸𒀹🝯
𒌳,𒁹𒀸𒀸𒀹𒀹𒀸𒀸𒁹𒀸𒀸𒁹𒁹𒁹𒁹𒀸𒀸𒁹𒁹𒀹𒁹𒁹𒍻;𒁹𒀸𒀸𒀹𒀹𒀸𒀸𒁹𒀸𒀸𒁹𒁹𒁹𒁹𒀸𒀸𒁹𒁹𒁹𒁹𒀹𒍻;𒁹𒀸𒀹𒀸𒀸𒀹𒀸𒁹𒀸𒀸𒁹𒁹𒁹𒁹𒀸𒀸𒁹𒁹𒀹𒁹𒁹𒍻;𒁹𒀸𒀹𒀸𒀸𒀹𒀸𒁹𒀸𒀸𒁹𒁹𒁹𒁹𒀸𒀸𒁹𒁹𒁹𒁹𒀹𒍻
𒌹,𒁹𒀸𒀸𒁹𒀸𒁹𒁹𒀸𒁹𒁹𒁹𒁹𒀹;𒀸𒀸𒁹𒁹𒁹𒀸𒁹𒀸𒁹𒁹𒁹𒁹𒀹
𒌻,𒁹𒀸𒀸𒁹𒀸𒁹𒀹🝯𒀹𒀹🝯𒀸𒁹𒁹𒁹𒁹𒀸𒁹;𒀸𒀸𒁹𒁹𒁹𒀸𒀹🝯𒀹𒀹🝯𒀸𒁹𒁹𒁹𒁹𒀸𒁹;𒁹𒀸𒀸𒁹𒀸𒁹𒀹🝯𒀹𒀹🝯𒀸𒀸𒁹𒁹𒁹𒁹𒁹;𒀸𒀸𒁹𒁹𒁹𒀸𒀹🝯𒀹𒀹🝯𒀸𒀸𒁹𒁹𒁹𒁹𒁹
𒌽,𒁹𒀸𒀸𒁹𒀸𒁹𒀸𒀸𒀸𒀸𒁹𒀸;𒀸𒀸𒁹𒁹𒁹𒀸𒀸𒀸𒀸𒀸𒁹𒀸
𒍃,𒁹𒀸𒀸𒁹𒀸𒁹𒍻𒀹𒀹𒍻𒁹𒁹𒍻𒀸;𒀸𒀸𒁹𒁹𒁹𒀸𒍻𒀹𒀹𒍻𒁹𒁹𒍻𒀸;𒁹𒀸𒀸𒁹𒀸𒁹𒍻𒀹𒁹𒀹𒍻𒁹𒍻𒀸;𒀸𒀸𒁹𒁹𒁹𒀸𒍻𒀹𒁹𒀹𒍻𒁹𒍻𒀸
𒍄,𒁹𒀸𒀸𒁹𒀸𒁹𒀸𒀸𒀸𒀸𒌋𒁹𒁹;𒀸𒀸𒁹𒁹𒁹𒀸𒀸𒀸𒀸𒀸𒌋𒁹𒁹
𒍅,𒁹𒀸𒀸𒁹𒀸𒁹🝯𒀹𒀹🝯𒀸𒀸𒀸𒀸;𒀸𒀸𒁹𒁹𒁹𒀸🝯𒀹𒀹🝯𒀸𒀸𒀸𒀸;𒁹𒀸𒀸𒁹𒀸𒁹🝯𒀹𒀸𒀸𒀸𒀸𒀹🝯;𒀸𒀸𒁹𒁹𒁹𒀸🝯𒀹𒀸𒀸𒀸𒀸𒀹🝯
𒍆,𒁹𒀸𒀸𒁹𒀸𒁹𒀹𒍻𒀹𒀹𒍻𒀹𒀹𒍻𒀹𒀹𒍻𒀹;𒀸𒀸𒁹𒁹𒁹𒀸𒀹𒍻𒀹𒀹𒍻𒀹𒀹𒍻𒀹𒀹𒍻𒀹;𒁹𒀸𒀸𒁹𒀸𒁹𒀹𒀹𒀹𒀹𒍻𒍻𒍻𒍻𒀹𒀹𒀹𒀹;𒀸𒀸𒁹𒁹𒁹𒀸𒀹𒀹𒀹𒀹𒍻𒍻𒍻𒍻𒀹𒀹𒀹𒀹
𒍈,𒁹𒀸𒀸𒁹𒀸𒁹𒀸𒀸𒁹;𒀸𒀸𒁹𒁹𒁹𒀸𒀸𒀸𒁹;𒁹𒀸𒀸𒁹𒀸𒁹𒁹𒀸𒀸;𒀸𒀸𒁹𒁹𒁹𒀸𒁹𒀸𒀸
𒍉,𒁹𒀸𒀸𒁹𒀸𒁹𒌋𒌋𒌋𒌋𒌋𒌋𒌋𒌋𒌋𒌋;𒀸𒀸𒁹𒁹𒁹𒀸𒌋𒌋𒌋𒌋𒌋𒌋𒌋𒌋𒌋𒌋
𒍊,𒁹𒀸𒀸𒁹𒀸𒁹𒀹𒍻𒀹𒀹𒀹𒀹𒍻𒀹𒍻𒍻;𒀸𒀸𒁹𒁹𒁹𒀸𒀹𒍻𒀹𒀹𒀹𒀹𒍻𒀹𒍻𒍻;𒁹𒀸𒀸𒁹𒀸𒁹𒀹𒀹𒍻𒍻𒀹𒀹𒍻𒍻𒀹𒀹;𒀸𒀸𒁹𒁹𒁹𒀸𒀹𒀹𒍻𒍻𒀹𒀹𒍻𒍻𒀹𒀹
𒍔,𒀸𒀸𒁹𒁹𒌋𒀹𒀹𒀹𒁹;𒀸𒀸𒌋𒁹𒁹𒀹𒀹𒀹𒁹
𒍖,𒀸𒁹𒀸𒁹𒀹𒁹𒀸𒀸𒀸𒀸𒀸𒍻𒀹𒀹𒍻𒀸𒁹𒁹𒁹𒁹𒌋𒌋𒌋;𒀸𒁹𒀸𒁹𒀹𒁹𒀸𒀸𒀸𒀸𒀸𒍻𒀹𒀹𒍻𒌋𒌋𒀸𒁹𒁹𒁹𒁹𒌋
𒍘,𒀸𒁹𒁹𒀹𒍻𒀸𒌋𒁹𒁹𒁹𒁹;𒀸𒁹𒁹𒀹𒍻𒀸𒁹𒁹𒁹𒁹𒌋
𒍡,𒀸🝯𒌋𒌋𒀹🝯;🝯𒀸𒌋𒌋𒀹🝯
𒍯,𒀸𒁹𒁹𒀸𒀸𒀸𒀸𒀸𒌋𒁹𒁹
𒍰,𒀸𒀸𒍻𒀹𒀸𒁹𒁹𒁹𒁹𒁹𒁹;𒀸𒀸𒍻𒀸𒁹𒁹𒁹𒁹𒁹𒀹𒁹
𒍲,𒌋𒀸𒌋𒌋𒀸𒌋𒍻𒀹𒀹𒀹𒀹𒀹𒀹🝯🝯🝯🝯𒍻𒀹🝯;𒌋𒌋𒀸𒌋𒀸𒌋𒍻𒀹𒀹𒀹𒀹𒀹𒀹🝯🝯🝯🝯𒍻𒀹🝯
𒍳,𒁹𒀸𒁹𒀸𒁹𒀸𒁹𒀸𒀸𒀹🝯𒌋𒀹𒍻𒀸𒀸𒁹𒁹𒁹𒁹𒀸𒁹𒌋;𒁹𒁹𒁹𒁹𒀸𒀸𒀸𒀸𒀸𒀹🝯𒌋𒀹𒍻𒀸𒀸𒁹𒁹𒁹𒁹𒀸𒁹𒌋;𒁹𒀸𒁹𒀸𒁹𒀸𒁹𒀸𒀸𒀹🝯𒌋𒀹𒀸𒀸𒁹𒁹𒁹𒁹𒀸𒁹𒍻𒌋;𒁹𒁹𒁹𒁹𒀸𒀸𒀸𒀸𒀸𒀹🝯𒌋𒀹𒀸𒀸𒁹𒁹𒁹𒁹𒀸𒁹𒍻𒌋
𒍴,𒀸𒀸𒁹𒁹𒀹𒀹𒁹𒁹
𒍶,𒀸𒀸𒁹𒁹𒁹𒀸𒁹𒁹𒁹𒁹𒁹𒀸𒁹𒌋𒌋𒌋𒌋𒌋𒌋𒌋𒌋𒌋;𒀸𒁹𒁹𒀸𒁹𒀸𒁹𒁹𒁹𒁹𒁹𒀸𒁹𒌋𒌋𒌋𒌋𒌋𒌋𒌋𒌋𒌋
𒍷,𒀸𒁹𒀸𒁹𒀸𒀸𒁹𒀸𒀸𒁹𒀸𒀸𒁹𒀹𒍻
𒍸,𒀸𒁹𒀸𒁹𒀸𒀸𒁹𒀸𒀸𒁹𒌋𒌋𒌋𒌋𒌋𒌋𒌋𒌋𒌋𒌋
𒍹,𒀸𒀸𒁹𒁹𒁹𒀸𒀹𒍻𒀹𒍻𒁹𒁹𒁹𒁹𒁹;𒀸𒀸𒁹𒁹𒀸𒁹𒀹𒍻𒀹𒍻𒁹𒁹𒁹𒁹𒁹;𒀸𒀸𒁹𒁹𒁹𒀹𒀸𒍻𒀹𒍻𒁹𒁹𒁹𒁹𒁹;𒀸𒀸𒁹𒁹𒁹𒀸𒀹𒍻𒀹𒁹𒍻𒁹𒁹𒁹𒁹;𒀸𒀸𒁹𒁹𒀸𒁹𒀹𒍻𒀹𒁹𒍻𒁹𒁹𒁹𒁹;𒀸𒀸𒁹𒁹𒁹𒀹𒀸𒍻𒀹𒁹𒍻𒁹𒁹𒁹𒁹
𒍺,𒀸𒀸𒁹𒁹𒀸𒀸𒀸𒀸𒁹𒁹;𒀸𒀸𒁹𒁹𒁹𒀸𒀸𒀸𒀸𒁹;𒀸𒀸𒁹𒁹𒁹𒁹𒀸𒀸𒀸𒀸
𒍼,𒌋𒀸𒀸𒀸𒀸𒀸𒀸𒀸𒀸𒍻𒀹𒀹𒍻𒁹𒍻𒀹𒀹𒍻𒁹;𒌋𒀸𒀸𒀸𒀸𒀸𒀸𒀸𒀸𒍻𒀹𒁹𒀹𒍻𒍻𒀹𒁹𒀹𒍻
𒍾,𒍻𒀹𒁹𒀹𒀹𒀹𒀹𒁹𒀸𒀸𒁹𒍻𒀹𒀹𒍻𒀹𒍻𒁹𒀸𒀸𒀸𒀹𒀸𒀸𒀸𒀸𒁹𒍻𒀹𒀹
𒍿,𒍻𒀹𒁹𒀹𒀹𒀹𒀹𒁹𒀸𒀸𒁹𒁹𒁹𒁹𒁹𒁹𒁹
𒎁,𒍻𒀹𒁹𒀹𒀹𒀹𒀹𒁹𒀸𒀸𒁹𒀸𒀸𒁹𒁹𒀹𒍻
𒎂,𒍻𒀹𒁹𒀹𒀹𒀹𒀹𒁹𒀸𒀸𒁹𒍻𒀹𒀹𒍻𒀸𒀸𒀸𒀸𒁹;𒍻𒀹𒁹𒀹𒀹𒀹𒀹𒁹𒀸𒀸𒁹𒍻𒀹𒀸𒀸𒀸𒀸𒁹𒀹𒍻
𒎃,𒍻𒀹𒁹𒀹𒀹𒀹𒀹𒁹𒀸𒀸𒁹𒀹𒍻𒀹𒀹𒍻𒀹𒀹𒍻𒀹𒀹𒍻𒀹;𒍻𒀹𒁹𒀹𒀹𒀹𒀹𒁹𒀸𒀸𒁹𒀹𒀹𒀹𒀹𒍻𒍻𒍻𒍻𒀹𒀹𒀹𒀹
𒎅,𒍻𒀹𒁹𒀹𒀹𒀹𒀹𒁹𒀸𒀸𒁹𒀹🝯𒀹𒀹🝯𒀸𒁹𒁹𒁹𒁹𒀸𒁹;𒍻𒀹𒁹𒀹𒀹𒀹𒀹𒁹𒀸𒀸𒁹𒀹🝯𒀹𒀹🝯𒀸𒀸𒁹𒁹𒁹𒁹𒁹
𒎉,🝯𒀹𒀹𒀸🝯𒀹𒁹𒁹𒁹𒀸𒍻𒀹𒍻𒍻𒀹𒀹𒍻𒍻𒀹𒀹
𒎊,𒁹𒀹𒀹𒍻𒀹𒁹𒁹𒁹𒀸𒁹𒀸𒀸𒀸𒀸𒀸𒀸𒁹𒁹𒀸;𒁹𒍻𒀹𒀹𒀹𒁹𒁹𒁹𒀸𒁹𒀸𒀸𒀸𒀸𒀸𒀸𒁹𒁹𒀸;𒁹𒀹𒀹𒍻𒁹𒁹𒁹𒀹𒀸𒁹𒀸𒀸𒀸𒀸𒀸𒀸𒁹𒁹𒀸;𒁹𒍻𒀹𒀹𒁹𒁹𒁹𒀹𒀸𒁹𒀸𒀸𒀸𒀸𒀸𒀸𒁹𒁹𒀸
𒎋,𒁹𒀹𒀹𒍻𒀹𒁹𒁹𒁹𒀸𒀸𒀸𒀸𒁹;𒁹𒍻𒀹𒀹𒀹𒁹𒁹𒁹𒀸𒀸𒀸𒀸𒁹;𒁹𒀹𒀹𒍻𒁹𒁹𒁹𒀹𒀸𒀸𒀸𒀸𒁹;𒁹𒍻𒀹𒀹𒁹𒁹𒁹𒀹𒀸𒀸𒀸𒀸𒁹
𒎍,𒁹𒀹𒀸🝯𒁹𒁹𒁹𒁹𒁹;𒁹𒀸𒀹🝯𒁹𒁹𒁹𒁹𒁹
𒎎,𒀹𒍻𒁹𒁹𒍻𒀹𒀹🝯
𒎏,𒁹𒀸𒀹𒍻𒀸𒁹𒀸𒀸𒀸𒁹;𒁹𒀹𒀸𒍻𒀸𒁹𒀸𒀸𒀸𒁹;𒁹𒀹𒍻𒀸𒀸𒁹𒀸𒀸𒀸𒁹
𒎐,𒁹𒀸𒀹𒍻𒀸𒁹𒀸𒀸𒁹;𒁹𒀹𒀸𒍻𒀸𒁹𒀸𒀸𒁹;𒁹𒀹𒍻𒀸𒀸𒁹𒀸𒀸𒁹
𒎓,𒁹🝯𒀹𒀹🝯𒁹🝯𒁹𒁹𒁹𒁹𒁹𒁹🝯
𒎔,𒌋𒁹𒀸𒀸𒀸𒀸𒁹𒀸𒀸𒀸𒀸𒁹𒁹𒁹𒁹
𒎕,𒀹𒀹𒁹𒁹;𒀹𒁹𒀹𒁹
𒎖,𒍻𒀹𒁹𒁹𒀸𒀸𒁹𒀸𒀸𒀸𒀸𒌋𒁹𒀸
